beef,chicken,electricity,car,city,total_emission,car_distance,timestamp
1.95,0.49,72.22,Dizel,Artvin,97.31,117.09,2025-04-01 00:00:00
2.24,0.44,320.11,Elektrikli,Trabzon,175.75,93.56,2025-04-01 00:30:00
3.95,2.95,204.59,Hibrit,Rize,203.27,139.56,2025-04-01 01:00:00
3.08,1.13,69.63,Elektrikli,Aksaray,115.69,130.45,2025-04-01 01:30:00
3.1,3.71,151.54,Dizel,Edirne,163.12,41.08,2025-04-01 02:00:00
3.48,1.31,165.3,Hibrit,Elazığ,159.31,60.18,2025-04-01 02:30:00
4.94,3.62,210.62,Yok,Bilecik,222.19,32.9,2025-04-01 03:00:00
3.5,2.68,184.19,Yok,Bingöl,170.46,148.39,2025-04-01 03:30:00
1.93,2.64,85.42,Yok,Çanakkale,96.36,19.66,2025-04-01 04:00:00
1.03,1.69,399.96,Benzinli,Ordu,205.77,135.11,2025-04-01 04:30:00
0.34,1.83,367.59,Elektrikli,Diyarbakır,156.22,128.75,2025-04-01 05:00:00
4.51,0.02,54.54,Yok,Yozgat,131.98,2.11,2025-04-01 05:30:00
0.07,2.85,56.55,Yok,Zonguldak,41.21,14.1,2025-04-01 06:00:00
0.0,1.46,358.44,Hibrit,Giresun,138.91,37.61,2025-04-01 06:30:00
4.84,1.54,152.12,Yok,Iğdır,184.87,39.76,2025-04-01 07:00:00
3.91,2.51,100.65,Elektrikli,Yozgat,152.1,36.15,2025-04-01 07:30:00
4.76,3.68,379.33,Hibrit,Gaziantep,284.75,84.32,2025-04-01 08:00:00
1.22,4.35,290.63,Yok,Muğla,162.24,114.19,2025-04-01 08:30:00
1.19,4.88,244.94,Hibrit,Balıkesir,152.97,42.41,2025-04-01 09:00:00
0.41,3.12,148.85,Elektrikli,Burdur,86.15,45.42,2025-04-01 09:30:00
3.74,4.69,376.04,Yok,Uşak,257.48,12.88,2025-04-01 10:00:00
0.27,2.83,176.36,Benzinli,Sinop,117.2,139.03,2025-04-01 10:30:00
1.46,4.75,111.53,Yok,Kastamonu,108.31,126.45,2025-04-01 11:00:00
1.6,1.72,80.45,Benzinli,Bingöl,83.75,17.74,2025-04-01 11:30:00
4.91,2.03,276.37,Elektrikli,Diyarbakır,239.69,124.04,2025-04-01 12:00:00
2.99,0.22,53.01,Hibrit,Konya,98.39,39.67,2025-04-01 12:30:00
1.87,4.2,146.43,Hibrit,Bayburt,140.13,146.15,2025-04-01 13:00:00
0.78,1.75,111.69,Benzinli,Burdur,79.06,39.98,2025-04-01 13:30:00
1.86,3.51,59.24,Benzinli,Malatya,119.06,131.48,2025-04-01 14:00:00
3.72,4.24,70.97,Hibrit,Kastamonu,158.77,129.68,2025-04-01 14:30:00
1.73,3.26,189.29,Benzinli,Kırşehir,151.23,91.59,2025-04-01 15:00:00
2.57,4.83,361.85,Yok,Hatay,224.22,84.6,2025-04-01 15:30:00
3.62,3.67,350.39,Elektrikli,Van,241.69,64.61,2025-04-01 16:00:00
4.49,4.18,370.46,Dizel,Zonguldak,291.46,121.79,2025-04-01 16:30:00
2.05,1.28,289.22,Dizel,Mardin,162.41,6.5,2025-04-01 17:00:00
0.55,1.06,267.1,Dizel,Erzurum,116.19,9.64,2025-04-01 17:30:00
3.4,0.5,217.51,Hibrit,Kars,177.42,142.68,2025-04-01 18:00:00
3.59,0.2,299.98,Benzinli,Kars,224.3,134.17,2025-04-01 18:30:00
4.12,2.31,322.37,Yok,Nevşehir,231.77,84.38,2025-04-01 19:00:00
0.45,1.07,107.63,Benzinli,Amasya,72.66,77.91,2025-04-01 19:30:00
4.15,0.39,213.98,Benzinli,Şanlıurfa,198.22,80.4,2025-04-01 20:00:00
3.83,2.68,65.02,Benzinli,Erzurum,158.91,104.34,2025-04-01 20:30:00
3.22,0.78,354.76,Dizel,Yozgat,235.04,147.02,2025-04-01 21:00:00
4.08,4.68,348.66,Yok,Eskişehir,256.32,97.99,2025-04-01 21:30:00
1.5,3.07,297.06,Hibrit,Erzurum,168.81,68.36,2025-04-01 22:00:00
2.22,3.17,210.55,Dizel,Elazığ,175.34,142.8,2025-04-01 22:30:00
2.72,3.21,78.03,Dizel,Van,138.77,125.33,2025-04-01 23:00:00
2.2,2.15,156.39,Benzinli,Siirt,129.67,24.3,2025-04-01 23:30:00
2.02,0.13,388.55,Benzinli,Yozgat,207.7,96.73,2025-04-02 00:00:00
1.12,0.45,303.47,Yok,Nevşehir,137.32,14.68,2025-04-02 00:30:00
1.61,4.2,337.2,Hibrit,Mardin,194.61,81.8,2025-04-02 01:00:00
1.36,4.47,97.57,Benzinli,Hatay,123.81,118.2,2025-04-02 01:30:00
4.69,0.0,106.88,Benzinli,Siirt,178.1,111.64,2025-04-02 02:00:00
3.92,0.88,85.09,Hibrit,Van,141.38,83.6,2025-04-02 02:30:00
2.13,0.86,87.44,Dizel,Aydın,89.89,0.61,2025-04-02 03:00:00
2.11,1.52,349.25,Elektrikli,Erzincan,191.0,110.42,2025-04-02 03:30:00
1.63,1.32,307.8,Benzinli,Gümüşhane,159.68,9.95,2025-04-02 04:00:00
4.45,1.94,91.54,Dizel,Aydın,175.59,111.24,2025-04-02 04:30:00
1.65,2.68,79.28,Hibrit,Yalova,93.31,64.65,2025-04-02 05:00:00
2.75,2.65,215.83,Hibrit,Gümüşhane,173.2,118.06,2025-04-02 05:30:00
1.94,2.06,236.05,Benzinli,Manisa,158.52,62.79,2025-04-02 06:00:00
2.65,1.67,321.03,Benzinli,Karaman,209.01,89.9,2025-04-02 06:30:00
1.02,3.18,248.42,Benzinli,Kilis,158.98,117.11,2025-04-02 07:00:00
2.32,1.11,326.04,Elektrikli,Şırnak,182.42,52.91,2025-04-02 07:30:00
0.42,2.19,152.67,Benzinli,Gaziantep,96.4,82.66,2025-04-02 08:00:00
0.07,3.1,283.67,Benzinli,Gümüşhane,150.79,135.08,2025-04-02 08:30:00
4.35,4.12,337.71,Benzinli,Afyonkarahisar,271.48,76.67,2025-04-02 09:00:00
1.68,0.92,65.93,Dizel,Edirne,78.07,39.09,2025-04-02 09:30:00
0.51,4.54,126.23,Dizel,Yalova,107.03,110.44,2025-04-02 10:00:00
1.52,1.5,117.47,Elektrikli,Van,95.71,124.92,2025-04-02 10:30:00
3.23,3.19,178.03,Elektrikli,Çanakkale,170.35,105.52,2025-04-02 11:00:00
0.75,0.24,222.16,Elektrikli,Kırşehir,104.13,119.3,2025-04-02 11:30:00
4.02,1.13,165.59,Hibrit,Konya,172.82,72.96,2025-04-02 12:00:00
4.2,4.79,335.44,Hibrit,Bingöl,263.72,91.86,2025-04-02 12:30:00
3.65,0.71,144.04,Benzinli,Kocaeli,150.94,20.86,2025-04-02 13:00:00
4.06,2.35,187.58,Hibrit,Edirne,183.8,4.84,2025-04-02 13:30:00
0.35,3.89,97.07,Elektrikli,Mersin,76.79,144.55,2025-04-02 14:00:00
2.38,0.23,320.42,Dizel,Isparta,177.1,22.72,2025-04-02 14:30:00
0.49,0.17,343.58,Hibrit,Osmaniye,145.85,135.26,2025-04-02 15:00:00
1.93,3.2,278.89,Elektrikli,Siirt,173.76,116.41,2025-04-02 15:30:00
0.58,0.64,258.16,Yok,Amasya,109.27,127.35,2025-04-02 16:00:00
3.59,4.57,126.42,Yok,Yalova,165.53,62.24,2025-04-02 16:30:00
1.57,4.08,217.05,Benzinli,Sivas,150.61,34.5,2025-04-02 17:00:00
2.06,4.36,259.45,Elektrikli,Adıyaman,177.55,103.14,2025-04-02 17:30:00
4.3,0.92,241.4,Benzinli,Hatay,228.9,145.54,2025-04-02 18:00:00
3.29,3.08,217.36,Benzinli,Bilecik,184.27,22.34,2025-04-02 18:30:00
4.64,2.84,177.74,Elektrikli,Çorum,203.61,116.19,2025-04-02 19:00:00
3.87,2.43,159.8,Hibrit,Muş,171.28,20.33,2025-04-02 19:30:00
4.19,0.08,395.79,Dizel,Çanakkale,268.18,143.23,2025-04-02 20:00:00
2.41,2.79,389.47,Yok,Bilecik,215.82,72.26,2025-04-02 20:30:00
0.15,0.97,85.3,Hibrit,Kırıkkale,45.07,52.99,2025-04-02 21:00:00
3.07,4.16,55.84,Elektrikli,Mersin,129.47,89.41,2025-04-02 21:30:00
1.87,0.28,67.2,Elektrikli,Zonguldak,77.62,108.37,2025-04-02 22:00:00
0.23,4.4,214.33,Yok,Nevşehir,111.13,74.24,2025-04-02 22:30:00
3.42,3.93,112.73,Elektrikli,Muğla,159.36,145.79,2025-04-02 23:00:00
2.4,4.98,111.06,Benzinli,Karaman,145.45,58.19,2025-04-02 23:30:00
0.76,2.25,133.53,Hibrit,Edirne,86.72,60.62,2025-04-03 00:00:00
2.02,0.22,61.66,Benzinli,Kayseri,91.51,85.27,2025-04-03 00:30:00
0.06,1.75,230.83,Benzinli,Tokat,95.96,7.6,2025-04-03 01:00:00
3.51,4.08,55.6,Yok,Adıyaman,135.36,54.58,2025-04-03 01:30:00
1.51,1.87,365.95,Hibrit,Çorum,190.8,134.01,2025-04-03 02:00:00
1.73,2.63,140.94,Elektrikli,Bolu,115.12,87.81,2025-04-03 02:30:00
2.95,1.34,204.36,Dizel,Muğla,164.2,56.92,2025-04-03 03:00:00
4.06,4.1,181.66,Dizel,Zonguldak,205.23,69.77,2025-04-03 03:30:00
1.16,1.71,56.01,Dizel,Edirne,71.71,66.49,2025-04-03 04:00:00
2.48,1.14,240.41,Hibrit,Çankırı,165.65,129.29,2025-04-03 04:30:00
0.21,1.2,397.54,Hibrit,Uşak,156.74,45.21,2025-04-03 05:00:00
1.95,0.05,76.68,Benzinli,Gaziantep,92.91,80.84,2025-04-03 05:30:00
3.94,4.56,391.03,Hibrit,Eskişehir,274.96,90.38,2025-04-03 06:00:00
4.32,1.69,140.29,Hibrit,Adana,176.41,84.99,2025-04-03 06:30:00
4.62,2.0,247.88,Benzinli,Malatya,221.67,26.72,2025-04-03 07:00:00
2.49,2.15,396.92,Dizel,Bilecik,230.77,86.85,2025-04-03 07:30:00
0.58,0.36,176.69,Benzinli,Erzurum,85.54,31.99,2025-04-03 08:00:00
0.5,3.78,258.0,Yok,Tunceli,128.88,23.47,2025-04-03 08:30:00
2.76,2.44,121.83,Hibrit,Giresun,135.09,73.52,2025-04-03 09:00:00
4.94,4.37,168.16,Hibrit,Zonguldak,213.49,10.94,2025-04-03 09:30:00
3.98,4.66,338.54,Dizel,Ordu,272.43,131.11,2025-04-03 10:00:00
1.6,2.43,117.16,Hibrit,Bursa,100.33,28.38,2025-04-03 10:30:00
3.26,0.24,357.66,Yok,Yozgat,208.34,50.91,2025-04-03 11:00:00
4.37,2.88,123.49,Elektrikli,Manisa,179.75,148.03,2025-04-03 11:30:00
0.58,4.76,115.28,Dizel,Isparta,106.73,111.99,2025-04-03 12:00:00
4.39,2.95,381.83,Elektrikli,Çanakkale,269.76,120.32,2025-04-03 12:30:00
4.84,4.8,235.37,Elektrikli,Ordu,241.27,95.38,2025-04-03 13:00:00
1.88,1.79,92.38,Yok,Sivas,91.68,46.47,2025-04-03 13:30:00
0.39,2.91,66.41,Elektrikli,Çankırı,55.15,41.6,2025-04-03 14:00:00
4.19,3.29,71.13,Elektrikli,Adıyaman,155.23,57.72,2025-04-03 14:30:00
1.86,3.27,87.07,Dizel,Eskişehir,99.79,1.49,2025-04-03 15:00:00
3.75,3.89,283.18,Elektrikli,Sinop,224.88,103.54,2025-04-03 15:30:00
0.67,2.75,374.52,Yok,Kırklareli,166.81,107.98,2025-04-03 16:00:00
1.7,0.01,123.39,Yok,Yalova,85.76,6.96,2025-04-03 16:30:00
0.34,1.93,212.45,Elektrikli,Hakkâri,96.66,9.74,2025-04-03 17:00:00
4.0,3.9,344.77,Hibrit,Ordu,256.42,98.2,2025-04-03 17:30:00
1.57,2.99,166.58,Dizel,Kırşehir,125.25,41.58,2025-04-03 18:00:00
3.46,4.9,111.11,Hibrit,Konya,164.75,61.64,2025-04-03 18:30:00
1.2,1.27,234.49,Elektrikli,Erzincan,122.54,34.17,2025-04-03 19:00:00
2.83,0.42,188.79,Dizel,Sakarya,141.77,12.05,2025-04-03 19:30:00
3.87,4.76,391.56,Dizel,Sakarya,266.65,0.06,2025-04-03 20:00:00
3.57,4.54,155.39,Yok,Yozgat,174.96,2.05,2025-04-03 20:30:00
4.95,2.24,87.93,Elektrikli,Aydın,173.72,74.83,2025-04-03 21:00:00
3.25,3.71,178.7,Benzinli,Adana,170.75,6.45,2025-04-03 21:30:00
3.27,0.7,133.69,Benzinli,Kütahya,164.28,147.19,2025-04-03 22:00:00
0.44,1.4,114.4,Elektrikli,Bingöl,67.71,140.29,2025-04-03 22:30:00
3.58,4.65,284.16,Yok,Osmaniye,221.04,116.59,2025-04-03 23:00:00
0.55,3.96,317.78,Hibrit,Tekirdağ,163.98,129.81,2025-04-03 23:30:00
4.58,0.28,210.42,Benzinli,Bartın,198.8,41.52,2025-04-04 00:00:00
3.16,4.39,106.19,Dizel,Sivas,147.32,5.05,2025-04-04 00:30:00
1.48,0.3,135.55,Dizel,Edirne,101.01,85.29,2025-04-04 01:00:00
3.52,4.93,232.23,Benzinli,Batman,205.7,11.43,2025-04-04 01:30:00
4.97,0.59,65.42,Dizel,Yalova,163.47,72.08,2025-04-04 02:00:00
4.67,4.85,323.11,Dizel,Tunceli,279.35,94.4,2025-04-04 02:30:00
0.16,4.18,318.36,Benzinli,Balıkesir,166.5,105.86,2025-04-04 03:00:00
4.79,0.83,56.62,Elektrikli,Konya,150.34,100.85,2025-04-04 03:30:00
2.82,1.11,226.63,Hibrit,Afyonkarahisar,169.13,129.44,2025-04-04 04:00:00
0.5,1.83,388.96,Hibrit,Denizli,172.63,126.35,2025-04-04 04:30:00
3.44,1.7,284.61,Hibrit,Şırnak,205.54,91.03,2025-04-04 05:00:00
0.08,2.13,344.28,Dizel,Malatya,155.01,104.82,2025-04-04 05:30:00
4.83,1.34,330.98,Benzinli,Sakarya,253.9,38.4,2025-04-04 06:00:00
4.07,3.42,381.51,Hibrit,Kırklareli,263.22,48.22,2025-04-04 06:30:00
4.07,2.89,108.63,Dizel,Kırklareli,167.34,44.89,2025-04-04 07:00:00
1.6,2.58,151.11,Benzinli,Kütahya,125.12,68.71,2025-04-04 07:30:00
3.24,1.54,182.03,Elektrikli,Bursa,162.44,142.09,2025-04-04 08:00:00
0.02,1.4,115.24,Yok,Sivas,50.49,50.22,2025-04-04 08:30:00
4.88,3.62,393.35,Yok,Bursa,284.65,123.28,2025-04-04 09:00:00
3.75,0.39,87.64,Dizel,Muş,152.52,149.46,2025-04-04 09:30:00
0.06,2.7,352.31,Benzinli,Aksaray,147.05,17.18,2025-04-04 10:00:00
2.04,4.31,126.96,Benzinli,Isparta,127.94,13.15,2025-04-04 10:30:00
0.5,3.42,135.83,Hibrit,Aksaray,96.85,146.83,2025-04-04 11:00:00
4.87,2.2,376.07,Dizel,Karabük,275.4,40.29,2025-04-04 11:30:00
3.55,3.74,100.22,Benzinli,Edirne,168.89,91.68,2025-04-04 12:00:00
1.64,2.52,141.73,Hibrit,Bingöl,117.88,109.81,2025-04-04 12:30:00
4.58,3.49,311.19,Hibrit,Mersin,258.66,124.0,2025-04-04 13:00:00
2.63,0.78,171.37,Dizel,Şanlıurfa,142.73,68.34,2025-04-04 13:30:00
3.71,4.56,198.78,Hibrit,Isparta,194.05,2.93,2025-04-04 14:00:00
4.32,4.86,59.17,Dizel,Ağrı,182.83,121.07,2025-04-04 14:30:00
0.47,1.67,222.7,Elektrikli,Muğla,102.35,22.57,2025-04-04 15:00:00
3.62,3.67,79.33,Dizel,Kars,164.66,123.93,2025-04-04 15:30:00
3.65,0.2,351.53,Benzinli,Tunceli,244.68,138.15,2025-04-04 16:00:00
4.16,2.89,117.9,Benzinli,Gaziantep,191.12,123.41,2025-04-04 16:30:00
0.37,0.61,284.61,Hibrit,Manisa,124.3,124.72,2025-04-04 17:00:00
0.85,3.25,231.53,Hibrit,Afyonkarahisar,125.98,14.15,2025-04-04 17:30:00
4.34,1.91,275.93,Elektrikli,Hatay,221.05,55.84,2025-04-04 18:00:00
0.07,3.4,303.03,Dizel,Zonguldak,152.28,123.61,2025-04-04 18:30:00
0.29,1.92,391.66,Dizel,Hakkâri,165.88,48.81,2025-04-04 19:00:00
4.56,3.04,272.13,Elektrikli,Balıkesir,231.43,24.2,2025-04-04 19:30:00
4.8,0.07,215.36,Elektrikli,Trabzon,201.82,119.29,2025-04-04 20:00:00
4.41,3.68,257.63,Elektrikli,Şırnak,230.03,84.36,2025-04-04 20:30:00
4.13,3.07,350.03,Benzinli,Batman,266.2,91.71,2025-04-04 21:00:00
1.5,3.19,278.02,Elektrikli,Erzincan,158.76,38.9,2025-04-04 21:30:00
0.81,2.01,346.13,Dizel,Osmaniye,169.98,86.54,2025-04-04 22:00:00
0.76,0.91,286.67,Benzinli,Denizli,147.68,105.06,2025-04-04 22:30:00
0.53,2.09,336.89,Yok,Hakkâri,145.58,22.44,2025-04-04 23:00:00
0.46,2.2,132.8,Benzinli,Bolu,86.65,64.22,2025-04-04 23:30:00
1.01,4.7,369.29,Yok,Kastamonu,186.93,114.29,2025-04-05 00:00:00
3.5,3.98,395.66,Dizel,Rize,263.74,60.55,2025-04-05 00:30:00
3.46,2.85,208.77,Benzinli,Yozgat,201.24,104.8,2025-04-05 01:00:00
4.7,4.47,114.64,Dizel,Hatay,193.31,28.49,2025-04-05 01:30:00
0.75,4.7,392.92,Hibrit,Yalova,189.76,11.76,2025-04-05 02:00:00
1.33,2.5,312.79,Yok,Mardin,159.98,122.81,2025-04-05 02:30:00
4.87,4.14,214.83,Yok,Tekirdağ,225.51,106.93,2025-04-05 03:00:00
0.25,1.3,298.03,Dizel,Tekirdağ,142.52,135.23,2025-04-05 03:30:00
2.05,2.73,188.97,Elektrikli,Trabzon,140.68,88.99,2025-04-05 04:00:00
1.18,0.97,355.11,Yok,Isparta,160.48,83.02,2025-04-05 04:30:00
4.86,3.18,129.61,Yok,Karaman,188.81,123.82,2025-04-05 05:00:00
0.46,1.47,95.44,Elektrikli,Adıyaman,56.28,24.57,2025-04-05 05:30:00
3.79,1.51,259.4,Elektrikli,Kırşehir,198.18,44.48,2025-04-05 06:00:00
4.04,4.63,180.64,Yok,Gümüşhane,196.17,46.91,2025-04-05 06:30:00
1.56,1.22,195.47,Elektrikli,Antalya,116.06,4.57,2025-04-05 07:00:00
4.12,3.57,52.06,Hibrit,Batman,153.36,83.43,2025-04-05 07:30:00
4.37,0.32,148.79,Dizel,Elazığ,188.29,145.62,2025-04-05 08:00:00
4.71,2.94,140.17,Hibrit,Sivas,195.19,89.94,2025-04-05 08:30:00
3.78,4.03,194.34,Dizel,Yozgat,207.86,103.16,2025-04-05 09:00:00
3.71,0.98,341.17,Benzinli,Artvin,243.49,116.97,2025-04-05 09:30:00
2.32,4.52,293.7,Benzinli,Karaman,218.54,126.44,2025-04-05 10:00:00
3.32,0.52,120.55,Yok,Bursa,128.78,73.13,2025-04-05 10:30:00
4.33,3.35,345.9,Hibrit,Gaziantep,259.7,80.76,2025-04-05 11:00:00
2.45,2.5,199.05,Benzinli,Tunceli,148.72,2.61,2025-04-05 11:30:00
2.57,4.6,212.83,Hibrit,Kırşehir,173.36,32.04,2025-04-05 12:00:00
4.57,2.75,176.32,Benzinli,Mardin,217.8,108.85,2025-04-05 12:30:00
1.38,2.11,267.39,Elektrikli,Düzce,145.15,50.07,2025-04-05 13:00:00
3.87,4.83,238.57,Dizel,Mardin,215.51,11.4,2025-04-05 13:30:00
4.75,1.36,225.2,Hibrit,Bolu,208.6,18.25,2025-04-05 14:00:00
0.77,0.58,383.86,Dizel,Kırşehir,172.0,84.71,2025-04-05 14:30:00
1.89,1.77,371.18,Hibrit,Karabük,194.04,51.85,2025-04-05 15:00:00
3.78,3.58,226.03,Dizel,Adana,218.25,117.27,2025-04-05 15:30:00
1.34,1.2,204.9,Hibrit,Giresun,115.58,23.2,2025-04-05 16:00:00
3.67,3.96,110.49,Dizel,Erzincan,172.13,84.6,2025-04-05 16:30:00
4.43,2.75,88.48,Dizel,Karabük,172.07,66.9,2025-04-05 17:00:00
3.71,4.67,99.86,Elektrikli,Bilecik,161.42,29.89,2025-04-05 17:30:00
2.15,4.45,340.51,Elektrikli,Çankırı,206.76,62.45,2025-04-05 18:00:00
2.53,1.23,321.83,Elektrikli,Yalova,185.35,19.41,2025-04-05 18:30:00
0.89,3.47,299.7,Hibrit,Antalya,157.68,73.28,2025-04-05 19:00:00
2.37,3.06,53.93,Dizel,Sakarya,124.65,149.5,2025-04-05 19:30:00
2.02,1.52,239.42,Dizel,Adana,145.56,4.55,2025-04-05 20:00:00
3.6,3.39,64.87,Yok,Sinop,136.1,109.69,2025-04-05 20:30:00
3.91,0.77,289.91,Yok,Konya,204.53,92.7,2025-04-05 21:00:00
0.02,2.07,233.81,Elektrikli,Denizli,103.34,134.5,2025-04-05 21:30:00
1.42,0.6,203.9,Yok,Kastamonu,111.0,12.78,2025-04-05 22:00:00
1.37,0.38,262.03,Elektrikli,Muş,129.79,24.23,2025-04-05 22:30:00
4.61,2.01,391.72,Benzinli,Isparta,276.62,49.54,2025-04-05 23:00:00
4.69,3.01,125.87,Hibrit,Kırıkkale,192.66,117.6,2025-04-05 23:30:00
2.55,3.14,279.98,Dizel,Tunceli,198.26,87.34,2025-04-06 00:00:00
2.4,3.35,315.48,Hibrit,Uşak,206.94,148.99,2025-04-06 00:30:00
2.38,0.11,120.49,Yok,Diyarbakır,102.43,138.64,2025-04-06 01:00:00
0.3,4.8,120.26,Elektrikli,Çankırı,89.25,130.71,2025-04-06 01:30:00
2.75,1.29,399.57,Dizel,Çorum,229.41,70.07,2025-04-06 02:00:00
0.22,0.03,357.14,Yok,Balıkesir,130.71,132.62,2025-04-06 02:30:00
2.79,4.96,90.29,Hibrit,Gaziantep,137.87,25.52,2025-04-06 03:00:00
3.11,2.6,202.82,Yok,Kocaeli,166.68,50.05,2025-04-06 03:30:00
3.22,2.75,386.01,Hibrit,Muş,234.78,2.24,2025-04-06 04:00:00
4.3,3.98,197.47,Hibrit,Iğdır,212.87,97.72,2025-04-06 04:30:00
4.27,1.45,137.64,Hibrit,Osmaniye,170.33,59.99,2025-04-06 05:00:00
4.97,0.84,137.14,Dizel,Giresun,189.63,68.13,2025-04-06 05:30:00
2.95,3.48,161.31,Dizel,Balıkesir,176.19,129.26,2025-04-06 06:00:00
1.21,3.0,180.15,Dizel,İstanbul,115.1,6.45,2025-04-06 06:30:00
4.88,2.22,222.6,Elektrikli,Sinop,219.02,75.78,2025-04-06 07:00:00
0.2,4.52,263.89,Hibrit,Osmaniye,141.58,144.75,2025-04-06 07:30:00
0.09,1.08,221.26,Elektrikli,Muğla,90.33,63.83,2025-04-06 08:00:00
0.07,4.19,218.77,Elektrikli,Samsun,111.87,92.75,2025-04-06 08:30:00
3.45,4.46,314.3,Hibrit,Iğdır,228.18,12.82,2025-04-06 09:00:00
0.89,3.6,139.41,Elektrikli,Amasya,102.28,127.83,2025-04-06 09:30:00
3.78,1.05,357.6,Benzinli,Kırşehir,228.09,5.64,2025-04-06 10:00:00
1.12,4.43,317.85,Dizel,Amasya,187.99,106.91,2025-04-06 10:30:00
4.98,2.19,57.16,Dizel,Afyonkarahisar,184.74,147.77,2025-04-06 11:00:00
2.06,1.81,379.76,Elektrikli,Bingöl,200.14,64.69,2025-04-06 11:30:00
4.04,4.52,313.8,Hibrit,Sakarya,253.22,124.52,2025-04-06 12:00:00
0.16,0.8,386.11,Hibrit,Kilis,148.27,40.11,2025-04-06 12:30:00
2.82,1.88,157.69,Dizel,Kayseri,146.03,43.36,2025-04-06 13:00:00
2.95,3.84,263.1,Dizel,İstanbul,208.92,97.59,2025-04-06 13:30:00
4.87,1.73,366.52,Dizel,Muğla,265.5,20.79,2025-04-06 14:00:00
1.25,1.59,179.12,Benzinli,Sakarya,117.81,61.41,2025-04-06 14:30:00
4.14,4.08,273.15,Hibrit,Adıyaman,238.84,128.68,2025-04-06 15:00:00
4.08,3.97,50.38,Benzinli,Karabük,170.28,110.74,2025-04-06 15:30:00
2.66,0.23,386.77,Benzinli,Tokat,212.91,45.04,2025-04-06 16:00:00
4.73,3.93,393.1,Hibrit,Samsun,294.76,131.17,2025-04-06 16:30:00
4.48,2.18,177.96,Dizel,Denizli,189.73,2.38,2025-04-06 17:00:00
0.06,0.84,261.56,Elektrikli,Yalova,99.5,13.17,2025-04-06 17:30:00
1.62,2.67,53.36,Dizel,Rize,89.14,67.9,2025-04-06 18:00:00
3.29,4.31,286.54,Yok,Erzincan,212.28,89.6,2025-04-06 18:30:00
2.72,2.83,247.58,Elektrikli,Çorum,176.48,45.93,2025-04-06 19:00:00
1.66,0.26,175.29,Yok,Afyonkarahisar,104.65,109.01,2025-04-06 19:30:00
2.9,3.58,261.54,Yok,Uşak,188.74,110.52,2025-04-06 20:00:00
1.01,4.68,306.34,Elektrikli,Kayseri,168.86,82.03,2025-04-06 20:30:00
2.13,4.01,381.99,Benzinli,Zonguldak,240.75,124.45,2025-04-06 21:00:00
2.22,2.78,250.77,Elektrikli,Konya,166.79,86.82,2025-04-06 21:30:00
4.85,2.86,75.22,Benzinli,Osmaniye,173.87,31.22,2025-04-06 22:00:00
4.52,3.4,56.92,Hibrit,Muğla,158.83,27.25,2025-04-06 22:30:00
1.02,1.92,185.42,Elektrikli,Kilis,108.89,104.81,2025-04-06 23:00:00
2.03,4.47,330.48,Hibrit,Tekirdağ,210.03,141.84,2025-04-06 23:30:00
3.78,4.75,362.91,Yok,Hakkâri,254.29,11.32,2025-04-07 00:00:00
2.29,0.91,248.44,Benzinli,Nevşehir,165.56,71.78,2025-04-07 00:30:00
4.08,3.42,149.29,Yok,Sakarya,177.85,141.16,2025-04-07 01:00:00
1.06,1.39,171.92,Elektrikli,Afyonkarahisar,98.9,52.84,2025-04-07 01:30:00
2.45,4.07,196.62,Dizel,Mersin,167.28,53.73,2025-04-07 02:00:00
1.35,2.35,320.66,Benzinli,Adıyaman,175.47,63.19,2025-04-07 02:30:00
3.15,2.46,203.61,Benzinli,İstanbul,169.46,11.78,2025-04-07 03:00:00
4.34,4.42,279.16,Hibrit,Çankırı,250.13,149.19,2025-04-07 03:30:00
3.86,4.82,385.32,Benzinli,Erzincan,291.83,129.58,2025-04-07 04:00:00
3.03,4.14,265.88,Elektrikli,Kahramanmaraş,204.87,149.93,2025-04-07 04:30:00
3.93,0.17,356.74,Benzinli,Isparta,233.36,43.25,2025-04-07 05:00:00
4.79,2.41,368.48,Yok,Ankara,265.35,109.29,2025-04-07 05:30:00
0.05,4.3,310.91,Yok,İstanbul,139.74,28.05,2025-04-07 06:00:00
4.41,3.65,218.06,Benzinli,Adana,235.85,114.74,2025-04-07 06:30:00
1.71,4.19,353.95,Yok,Sakarya,195.54,65.61,2025-04-07 07:00:00
0.35,3.83,351.8,Hibrit,Çankırı,166.07,86.3,2025-04-07 07:30:00
3.73,4.07,373.78,Hibrit,Afyonkarahisar,256.72,50.71,2025-04-07 08:00:00
0.06,4.33,342.16,Benzinli,Yalova,166.94,75.29,2025-04-07 08:30:00
3.34,4.86,395.41,Elektrikli,Afyonkarahisar,256.51,21.7,2025-04-07 09:00:00
3.43,0.71,212.62,Hibrit,Rize,165.54,5.3,2025-04-07 09:30:00
2.52,0.41,297.7,Hibrit,Kocaeli,170.41,4.33,2025-04-07 10:00:00
3.91,2.23,379.52,Elektrikli,Ordu,249.61,72.84,2025-04-07 10:30:00
3.46,3.87,68.07,Hibrit,Çorum,145.94,98.99,2025-04-07 11:00:00
0.34,0.83,388.85,Yok,Karaman,150.32,34.62,2025-04-07 11:30:00
1.65,2.49,68.13,Hibrit,Erzincan,83.42,12.68,2025-04-07 12:00:00
3.21,0.47,265.75,Dizel,Karabük,192.85,96.17,2025-04-07 12:30:00
1.88,1.16,52.71,Elektrikli,Bartın,75.14,33.73,2025-04-07 13:00:00
1.28,0.52,356.76,Yok,Artvin,160.45,21.32,2025-04-07 13:30:00
0.15,3.75,81.76,Hibrit,Ardahan,70.52,136.47,2025-04-07 14:00:00
2.28,4.33,114.1,Elektrikli,İstanbul,132.0,103.8,2025-04-07 14:30:00
0.47,0.21,223.36,Elektrikli,Erzurum,96.93,111.06,2025-04-07 15:00:00
1.12,3.96,275.7,Elektrikli,Erzurum,157.32,110.03,2025-04-07 15:30:00
0.58,0.83,305.51,Hibrit,Nevşehir,133.47,70.18,2025-04-07 16:00:00
0.75,0.01,384.22,Yok,Afyonkarahisar,153.3,137.71,2025-04-07 16:30:00
4.81,3.51,207.61,Dizel,Bayburt,226.53,55.27,2025-04-07 17:00:00
4.14,0.12,89.99,Yok,Kayseri,135.82,15.61,2025-04-07 17:30:00
2.98,3.51,121.21,Hibrit,Elazığ,149.04,87.79,2025-04-07 18:00:00
2.24,3.41,279.93,Dizel,Hakkâri,196.21,110.02,2025-04-07 18:30:00
1.6,0.64,370.98,Yok,Isparta,174.26,80.12,2025-04-07 19:00:00
4.47,1.03,349.48,Benzinli,Niğde,247.95,32.24,2025-04-07 19:30:00
2.48,2.18,119.35,Elektrikli,Karaman,124.25,108.78,2025-04-07 20:00:00
2.63,3.94,278.2,Hibrit,Diyarbakır,195.02,52.43,2025-04-07 20:30:00
0.16,2.29,160.53,Benzinli,Yozgat,81.07,24.23,2025-04-07 21:00:00
0.14,3.72,306.53,Benzinli,Muş,143.45,33.3,2025-04-07 21:30:00
0.87,1.47,293.16,Hibrit,Yalova,145.29,119.88,2025-04-07 22:00:00
4.17,4.26,336.35,Benzinli,Van,281.86,145.22,2025-04-07 22:30:00
1.7,3.16,332.58,Benzinli,Zonguldak,181.88,5.57,2025-04-07 23:00:00
3.57,2.12,220.43,Dizel,Ankara,193.06,70.77,2025-04-07 23:30:00
0.77,3.81,225.74,Benzinli,Artvin,135.21,50.75,2025-04-08 00:00:00
0.03,4.29,240.63,Yok,Erzincan,114.57,20.92,2025-04-08 00:30:00
1.49,0.28,276.04,Hibrit,Manisa,139.21,37.89,2025-04-08 01:00:00
0.37,1.44,356.28,Yok,Yalova,143.88,73.91,2025-04-08 01:30:00
2.96,4.42,365.42,Benzinli,Eskişehir,242.86,49.81,2025-04-08 02:00:00
4.52,3.69,128.75,Hibrit,Afyonkarahisar,192.84,103.5,2025-04-08 02:30:00
3.79,4.8,175.85,Dizel,Samsun,195.56,36.14,2025-04-08 03:00:00
0.8,3.19,161.16,Elektrikli,Giresun,101.77,67.05,2025-04-08 03:30:00
3.18,3.13,77.11,Hibrit,Giresun,137.16,100.83,2025-04-08 04:00:00
1.49,3.0,207.95,Yok,Sakarya,130.73,76.86,2025-04-08 04:30:00
4.58,3.3,345.31,Elektrikli,Düzce,260.71,51.63,2025-04-08 05:00:00
1.48,4.28,371.66,Hibrit,Sivas,208.77,135.08,2025-04-08 05:30:00
2.98,1.79,132.99,Benzinli,Osmaniye,163.18,141.81,2025-04-08 06:00:00
3.92,4.31,177.95,Elektrikli,Düzce,191.87,36.98,2025-04-08 06:30:00
3.28,0.86,301.72,Yok,Ordu,193.54,74.36,2025-04-08 07:00:00
4.53,4.24,314.52,Elektrikli,Bursa,255.3,54.32,2025-04-08 07:30:00
1.35,3.29,161.01,Dizel,Çankırı,113.14,1.96,2025-04-08 08:00:00
4.57,3.03,227.59,Hibrit,Kırıkkale,216.86,22.78,2025-04-08 08:30:00
4.66,2.66,359.26,Dizel,Amasya,274.4,81.2,2025-04-08 09:00:00
0.4,4.68,277.2,Elektrikli,Muğla,146.24,138.46,2025-04-08 09:30:00
3.75,3.33,140.09,Elektrikli,Niğde,172.98,144.42,2025-04-08 10:00:00
3.17,1.61,292.79,Elektrikli,Mardin,193.45,12.3,2025-04-08 10:30:00
2.49,3.68,289.87,Elektrikli,Niğde,189.83,14.73,2025-04-08 11:00:00
0.56,2.42,101.32,Dizel,Kilis,82.07,93.61,2025-04-08 11:30:00
3.71,1.76,270.48,Benzinli,Osmaniye,213.0,64.01,2025-04-08 12:00:00
1.2,4.62,366.32,Dizel,Muş,202.52,73.14,2025-04-08 12:30:00
3.87,3.19,171.37,Hibrit,Tekirdağ,186.28,83.73,2025-04-08 13:00:00
4.12,0.68,265.5,Yok,Mersin,200.62,4.59,2025-04-08 13:30:00
4.83,4.13,58.29,Benzinli,Tekirdağ,193.72,114.63,2025-04-08 14:00:00
2.26,4.5,319.63,Benzinli,Yalova,219.63,96.22,2025-04-08 14:30:00
4.62,0.75,372.56,Yok,Kırklareli,251.07,102.09,2025-04-08 15:00:00
1.79,4.08,248.16,Benzinli,Bitlis,183.62,113.62,2025-04-08 15:30:00
0.19,0.65,257.01,Elektrikli,Çankırı,104.15,99.31,2025-04-08 16:00:00
1.61,3.25,320.59,Dizel,Bayburt,183.08,48.22,2025-04-08 16:30:00
3.47,2.03,185.34,Dizel,Bursa,188.47,134.4,2025-04-08 17:00:00
3.65,4.94,75.21,Dizel,Manisa,155.79,24.3,2025-04-08 17:30:00
0.38,1.06,252.42,Yok,Eskişehir,105.16,63.16,2025-04-08 18:00:00
3.52,2.74,184.63,Yok,Manisa,171.53,70.75,2025-04-08 18:30:00
0.69,1.33,130.91,Benzinli,Kocaeli,87.97,74.9,2025-04-08 19:00:00
2.27,2.24,227.95,Hibrit,Burdur,164.13,134.9,2025-04-08 19:30:00
4.85,2.19,152.96,Hibrit,Kocaeli,198.95,100.59,2025-04-08 20:00:00
3.47,2.8,234.64,Yok,Karaman,188.19,135.75,2025-04-08 20:30:00
2.62,3.78,220.65,Yok,Niğde,168.81,129.52,2025-04-08 21:00:00
2.65,2.54,131.99,Yok,Tokat,129.97,136.95,2025-04-08 21:30:00
4.31,3.65,126.58,Benzinli,Balıkesir,193.15,75.76,2025-04-08 22:00:00
2.6,4.01,338.82,Dizel,İzmir,214.42,18.63,2025-04-08 22:30:00
1.53,2.07,232.7,Dizel,Yalova,145.41,67.22,2025-04-08 23:00:00
2.84,0.04,297.64,Benzinli,Kars,195.06,93.37,2025-04-08 23:30:00
0.39,3.8,261.65,Dizel,Samsun,133.19,33.22,2025-04-09 00:00:00
4.89,1.86,343.21,Benzinli,Ardahan,273.1,85.22,2025-04-09 00:30:00
0.72,3.88,149.19,Hibrit,Zonguldak,108.84,131.7,2025-04-09 01:00:00
2.83,3.44,50.74,Elektrikli,Şanlıurfa,118.79,130.9,2025-04-09 01:30:00
3.83,3.98,284.57,Dizel,Iğdır,240.26,102.64,2025-04-09 02:00:00
2.08,1.33,241.1,Yok,İzmir,145.56,61.11,2025-04-09 02:30:00
4.0,3.88,237.64,Benzinli,Tekirdağ,218.48,40.64,2025-04-09 03:00:00
0.94,1.88,184.39,Elektrikli,Elazığ,102.98,39.34,2025-04-09 03:30:00
1.36,1.91,126.44,Dizel,Kırklareli,110.33,111.14,2025-04-09 04:00:00
4.66,0.1,120.29,Hibrit,Niğde,172.19,143.3,2025-04-09 04:30:00
2.88,0.98,273.16,Benzinli,Çanakkale,182.5,38.73,2025-04-09 05:00:00
3.3,1.03,362.98,Yok,Afyonkarahisar,216.65,58.06,2025-04-09 05:30:00
1.01,1.21,101.2,Yok,Aydın,69.02,68.97,2025-04-09 06:00:00
3.13,2.59,386.56,Hibrit,Yozgat,234.59,35.22,2025-04-09 06:30:00
4.02,4.86,126.32,Benzinli,Karaman,186.01,36.97,2025-04-09 07:00:00
0.83,1.49,311.62,Dizel,Eskişehir,152.41,72.44,2025-04-09 07:30:00
3.39,2.25,289.17,Hibrit,Rize,206.84,59.55,2025-04-09 08:00:00
2.45,2.14,138.19,Elektrikli,Mardin,128.73,87.05,2025-04-09 08:30:00
2.6,0.89,316.36,Hibrit,İzmir,184.69,31.34,2025-04-09 09:00:00
2.24,1.6,297.98,Hibrit,Ağrı,172.2,9.61,2025-04-09 09:30:00
4.48,1.06,326.48,Yok,Şanlıurfa,233.58,136.07,2025-04-09 10:00:00
3.35,1.06,343.5,Elektrikli,Kars,216.88,111.92,2025-04-09 10:30:00
1.74,3.21,84.57,Yok,Elazığ,95.25,106.42,2025-04-09 11:00:00
0.0,4.7,246.24,Hibrit,Bilecik,127.77,101.7,2025-04-09 11:30:00
1.75,0.39,227.16,Dizel,Şırnak,134.29,49.07,2025-04-09 12:00:00
4.08,0.79,157.78,Dizel,Diyarbakır,166.35,21.65,2025-04-09 12:30:00
0.75,1.8,85.85,Benzinli,Afyonkarahisar,68.18,33.14,2025-04-09 13:00:00
1.36,1.93,383.94,Hibrit,Gaziantep,182.55,9.47,2025-04-09 13:30:00
3.92,0.83,140.72,Dizel,Zonguldak,158.21,30.76,2025-04-09 14:00:00
0.22,2.73,336.55,Yok,Karabük,142.13,54.6,2025-04-09 14:30:00
3.53,1.79,129.33,Yok,Osmaniye,145.87,113.39,2025-04-09 15:00:00
1.32,2.36,327.91,Benzinli,Malatya,172.11,38.35,2025-04-09 15:30:00
2.84,4.37,303.22,Yok,Afyonkarahisar,207.28,58.65,2025-04-09 16:00:00
0.44,0.39,396.88,Hibrit,Hatay,164.7,134.48,2025-04-09 16:30:00
3.53,2.26,54.59,Benzinli,Kastamonu,126.46,16.72,2025-04-09 17:00:00
3.83,4.79,154.04,Benzinli,Muğla,202.47,94.06,2025-04-09 17:30:00
1.49,1.44,379.67,Yok,Şırnak,180.07,86.79,2025-04-09 18:00:00
4.02,4.57,370.52,Benzinli,Ağrı,275.43,65.3,2025-04-09 18:30:00
0.63,0.04,68.37,Dizel,Mardin,56.84,99.33,2025-04-09 19:00:00
4.2,1.25,141.16,Benzinli,Elazığ,178.5,73.68,2025-04-09 19:30:00
4.45,0.7,228.01,Elektrikli,Amasya,196.3,8.41,2025-04-09 20:00:00
3.43,0.07,358.98,Yok,Adıyaman,211.88,133.91,2025-04-09 20:30:00
3.46,0.1,143.6,Elektrikli,Artvin,138.92,29.34,2025-04-09 21:00:00
4.02,2.8,204.76,Yok,Sinop,191.49,133.14,2025-04-09 21:30:00
4.01,2.56,162.35,Elektrikli,Eskişehir,180.16,108.49,2025-04-09 22:00:00
0.28,0.3,157.48,Benzinli,Isparta,81.92,84.42,2025-04-09 22:30:00
2.62,2.76,268.83,Yok,Osmaniye,178.63,69.95,2025-04-09 23:00:00
4.29,0.29,54.73,Dizel,Giresun,142.06,80.34,2025-04-09 23:30:00
3.05,2.13,188.15,Hibrit,Diyarbakır,170.27,149.63,2025-04-10 00:00:00
1.72,4.63,60.91,Benzinli,Edirne,120.91,117.34,2025-04-10 00:30:00
3.52,3.52,224.58,Elektrikli,Siirt,196.92,120.62,2025-04-10 01:00:00
3.41,2.41,281.82,Dizel,Ardahan,220.61,118.22,2025-04-10 01:30:00
3.97,3.09,52.12,Hibrit,Tokat,147.13,92.41,2025-04-10 02:00:00
3.72,2.06,84.82,Hibrit,Konya,148.64,130.43,2025-04-10 02:30:00
3.49,4.25,149.37,Dizel,Hatay,178.0,53.77,2025-04-10 03:00:00
1.03,1.01,150.39,Benzinli,Bartın,105.63,96.54,2025-04-10 03:30:00
2.96,2.37,357.49,Benzinli,Ağrı,244.47,138.06,2025-04-10 04:00:00
0.22,1.8,146.02,Hibrit,Siirt,78.98,110.56,2025-04-10 04:30:00
1.59,2.33,193.96,Yok,Bilecik,123.71,23.1,2025-04-10 05:00:00
0.21,4.91,228.46,Dizel,Adıyaman,126.76,45.09,2025-04-10 05:30:00
2.86,0.82,97.26,Hibrit,Kocaeli,118.03,75.86,2025-04-10 06:00:00
1.67,4.77,113.46,Yok,Tekirdağ,114.37,76.59,2025-04-10 06:30:00
2.86,2.25,369.27,Hibrit,Kırşehir,227.35,123.14,2025-04-10 07:00:00
4.21,1.99,227.04,Elektrikli,Eskişehir,202.1,73.16,2025-04-10 07:30:00
1.86,0.56,359.03,Elektrikli,Kocaeli,179.42,67.99,2025-04-10 08:00:00
4.87,4.04,212.84,Dizel,Kırşehir,227.05,17.25,2025-04-10 08:30:00
0.45,3.11,298.43,Benzinli,Siirt,164.16,128.57,2025-04-10 09:00:00
0.4,0.0,392.67,Hibrit,Mersin,147.44,0.02,2025-04-10 09:30:00
0.48,2.37,92.53,Benzinli,Çanakkale,83.11,106.52,2025-04-10 10:00:00
2.68,2.05,266.72,Hibrit,Mersin,187.47,144.11,2025-04-10 10:30:00
3.75,1.37,189.91,Hibrit,Balıkesir,178.71,100.4,2025-04-10 11:00:00
0.46,3.65,71.54,Dizel,Osmaniye,62.64,5.4,2025-04-10 11:30:00
4.19,4.02,378.44,Yok,Edirne,264.94,120.27,2025-04-10 12:00:00
3.63,0.96,377.44,Yok,İstanbul,229.48,95.1,2025-04-10 12:30:00
2.89,4.16,365.81,Elektrikli,Erzincan,229.06,1.41,2025-04-10 13:00:00
2.98,4.79,314.85,Yok,Kahramanmaraş,217.75,5.03,2025-04-10 13:30:00
3.06,1.14,318.37,Yok,Tunceli,195.8,26.97,2025-04-10 14:00:00
0.36,1.35,388.98,Yok,Ardahan,154.46,140.11,2025-04-10 14:30:00
3.09,0.69,199.23,Benzinli,Adıyaman,180.95,139.1,2025-04-10 15:00:00
4.29,4.73,111.71,Benzinli,Elazığ,183.81,22.98,2025-04-10 15:30:00
4.4,0.71,196.63,Yok,Denizli,183.72,134.75,2025-04-10 16:00:00
4.0,2.2,213.28,Hibrit,Kırşehir,201.67,131.55,2025-04-10 16:30:00
0.41,0.17,87.59,Benzinli,Ağrı,51.06,42.76,2025-04-10 17:00:00
3.74,3.74,124.04,Dizel,Ağrı,173.16,61.41,2025-04-10 17:30:00
4.43,2.86,86.0,Benzinli,Afyonkarahisar,170.7,48.17,2025-04-10 18:00:00
4.66,1.06,54.19,Dizel,Siirt,155.41,74.3,2025-04-10 18:30:00
4.43,4.68,134.57,Yok,Tunceli,190.14,47.44,2025-04-10 19:00:00
3.51,4.16,63.42,Dizel,Kastamonu,147.95,54.69,2025-04-10 19:30:00
3.77,2.62,360.56,Benzinli,Iğdır,249.25,51.09,2025-04-10 20:00:00
4.13,0.69,249.06,Dizel,Karabük,196.15,5.67,2025-04-10 20:30:00
0.04,0.2,274.9,Dizel,Kayseri,120.11,126.57,2025-04-10 21:00:00
4.05,4.32,346.54,Dizel,Çankırı,263.13,63.44,2025-04-10 21:30:00
3.37,1.27,226.83,Benzinli,Uşak,175.86,16.46,2025-04-10 22:00:00
3.44,4.34,369.4,Dizel,Kırşehir,254.08,52.0,2025-04-10 22:30:00
3.37,1.01,93.79,Dizel,Zonguldak,134.9,63.86,2025-04-10 23:00:00
4.34,4.42,256.52,Benzinli,Malatya,230.38,7.63,2025-04-10 23:30:00
3.14,2.79,342.68,Yok,Ankara,217.69,66.5,2025-04-11 00:00:00
1.33,0.15,154.96,Elektrikli,Aksaray,95.64,142.36,2025-04-11 00:30:00
4.38,1.07,212.06,Benzinli,Kırşehir,212.07,99.86,2025-04-11 01:00:00
0.01,0.24,252.45,Elektrikli,Antalya,92.46,43.92,2025-04-11 01:30:00
1.73,1.44,336.42,Yok,Malatya,170.93,98.33,2025-04-11 02:00:00
4.89,2.4,259.58,Dizel,Gaziantep,254.01,143.22,2025-04-11 02:30:00
1.61,2.11,298.88,Benzinli,Karaman,168.59,43.7,2025-04-11 03:00:00
2.71,0.58,308.22,Yok,Trabzon,179.63,137.83,2025-04-11 03:30:00
0.79,4.39,197.85,Hibrit,Manisa,122.28,33.2,2025-04-11 04:00:00
0.77,1.96,292.73,Hibrit,Kayseri,145.99,119.59,2025-04-11 04:30:00
2.06,0.81,350.6,Dizel,Erzincan,205.05,148.53,2025-04-11 05:00:00
2.57,2.96,63.21,Benzinli,Çankırı,120.67,66.05,2025-04-11 05:30:00
0.01,1.26,266.05,Elektrikli,Niğde,107.38,106.42,2025-04-11 06:00:00
0.94,0.36,135.33,Hibrit,Bilecik,85.94,139.92,2025-04-11 06:30:00
0.48,0.52,218.97,Hibrit,Iğdır,93.21,10.9,2025-04-11 07:00:00
0.44,0.67,255.81,Benzinli,Hatay,116.27,52.9,2025-04-11 07:30:00
0.53,2.74,82.69,Hibrit,Bingöl,65.23,45.94,2025-04-11 08:00:00
4.36,4.31,164.17,Benzinli,Osmaniye,224.93,136.81,2025-04-11 08:30:00
3.49,1.12,66.77,Hibrit,Manisa,121.59,36.08,2025-04-11 09:00:00
4.37,0.64,294.02,Hibrit,Kocaeli,219.52,32.74,2025-04-11 09:30:00
2.65,1.56,103.62,Elektrikli,Kahramanmaraş,119.94,133.2,2025-04-11 10:00:00
4.33,0.02,221.49,Elektrikli,Tunceli,189.92,80.3,2025-04-11 10:30:00
4.96,2.72,251.25,Benzinli,Eskişehir,249.67,90.33,2025-04-11 11:00:00
3.51,0.42,374.8,Dizel,Kocaeli,242.85,123.66,2025-04-11 11:30:00
1.88,1.06,59.46,Elektrikli,Ağrı,80.16,100.77,2025-04-11 12:00:00
4.9,0.59,321.87,Dizel,Çankırı,243.77,26.73,2025-04-11 12:30:00
3.88,1.65,115.13,Hibrit,Zonguldak,149.5,9.08,2025-04-11 13:00:00
2.4,3.53,196.97,Dizel,Trabzon,154.4,6.52,2025-04-11 13:30:00
4.01,0.1,398.66,Yok,Artvin,240.47,99.23,2025-04-11 14:00:00
1.95,4.01,368.97,Yok,Tekirdağ,205.56,20.7,2025-04-11 14:30:00
4.11,4.1,189.59,Dizel,Diyarbakır,204.0,38.85,2025-04-11 15:00:00
3.4,3.7,140.87,Elektrikli,Kilis,162.76,58.45,2025-04-11 15:30:00
3.12,1.58,80.06,Dizel,İzmir,134.11,101.11,2025-04-11 16:00:00
2.83,1.46,180.93,Elektrikli,Bartın,144.74,11.81,2025-04-11 16:30:00
4.12,0.05,173.56,Hibrit,Manisa,175.11,122.45,2025-04-11 17:00:00
1.62,4.95,300.46,Benzinli,Aksaray,183.36,16.9,2025-04-11 17:30:00
0.32,3.42,274.27,Elektrikli,Bursa,129.77,43.51,2025-04-11 18:00:00
2.43,1.85,179.47,Elektrikli,Diyarbakır,137.91,31.63,2025-04-11 18:30:00
2.6,3.26,272.61,Hibrit,Sinop,183.44,5.89,2025-04-11 19:00:00
3.21,1.59,73.66,Elektrikli,Kocaeli,120.25,65.03,2025-04-11 19:30:00
0.21,0.42,55.39,Elektrikli,Tokat,32.96,108.55,2025-04-11 20:00:00
4.11,3.39,377.66,Dizel,Batman,279.78,126.25,2025-04-11 20:30:00
4.81,4.4,373.36,Dizel,Yozgat,306.31,147.2,2025-04-11 21:00:00
2.2,2.43,196.0,Benzinli,Bingöl,146.44,28.9,2025-04-11 21:30:00
3.59,4.26,170.99,Yok,Muş,178.99,140.83,2025-04-11 22:00:00
0.61,1.22,162.25,Benzinli,Tekirdağ,98.12,84.13,2025-04-11 22:30:00
1.44,2.8,238.57,Benzinli,Adana,161.23,106.71,2025-04-11 23:00:00
0.46,3.15,375.09,Yok,Antalya,164.52,26.73,2025-04-11 23:30:00
0.62,0.69,290.53,Benzinli,Ağrı,144.5,107.39,2025-04-12 00:00:00
3.41,1.35,148.29,Elektrikli,Çankırı,147.35,17.69,2025-04-12 00:30:00
2.5,4.98,147.57,Yok,Ardahan,148.51,148.02,2025-04-12 01:00:00
4.66,3.77,150.37,Hibrit,Çorum,197.53,26.51,2025-04-12 01:30:00
0.06,1.44,389.19,Elektrikli,Amasya,153.33,113.53,2025-04-12 02:00:00
2.42,0.79,254.34,Yok,Çankırı,154.97,134.94,2025-04-12 02:30:00
2.08,4.85,215.38,Yok,Hatay,160.85,120.93,2025-04-12 03:00:00
0.56,2.3,267.83,Elektrikli,Zonguldak,128.69,101.58,2025-04-12 03:30:00
2.02,1.88,213.52,Yok,Isparta,138.2,137.34,2025-04-12 04:00:00
0.32,4.45,299.75,Dizel,Sinop,152.54,52.48,2025-04-12 04:30:00
0.83,3.26,247.9,Elektrikli,Muş,134.21,84.01,2025-04-12 05:00:00
0.28,1.71,229.13,Yok,Balıkesir,98.99,41.75,2025-04-12 05:30:00
0.96,0.86,212.16,Yok,Bursa,104.19,70.61,2025-04-12 06:00:00
0.54,1.67,310.73,Benzinli,Düzce,145.71,56.83,2025-04-12 06:30:00
3.65,4.18,145.54,Elektrikli,Iğdır,172.18,22.88,2025-04-12 07:00:00
1.95,4.29,310.65,Dizel,Adıyaman,204.77,104.09,2025-04-12 07:30:00
4.24,0.91,86.41,Dizel,Gaziantep,151.21,51.09,2025-04-12 08:00:00
1.31,3.12,112.25,Dizel,Balıkesir,117.84,142.77,2025-04-12 08:30:00
2.77,2.25,378.38,Yok,Mersin,217.21,122.92,2025-04-12 09:00:00
1.09,1.84,333.97,Elektrikli,Şırnak,157.63,15.8,2025-04-12 09:30:00
4.93,4.94,156.68,Hibrit,Bayburt,217.84,62.94,2025-04-12 10:00:00
3.95,3.37,300.66,Benzinli,Osmaniye,227.78,2.59,2025-04-12 10:30:00
4.62,3.0,378.26,Dizel,Şanlıurfa,270.47,11.08,2025-04-12 11:00:00
3.24,0.32,233.76,Dizel,Çanakkale,182.81,104.65,2025-04-12 11:30:00
4.73,3.23,100.34,Hibrit,Batman,184.41,97.23,2025-04-12 12:00:00
0.17,1.1,313.37,Benzinli,Ağrı,150.07,135.95,2025-04-12 12:30:00
2.69,1.29,92.64,Elektrikli,Batman,112.07,69.89,2025-04-12 13:00:00
0.67,3.91,300.4,Yok,Düzce,148.87,45.1,2025-04-12 13:30:00
1.42,4.82,185.49,Benzinli,Bolu,142.16,40.38,2025-04-12 14:00:00
2.71,4.59,165.55,Elektrikli,Ağrı,164.49,142.47,2025-04-12 14:30:00
2.37,0.79,355.09,Yok,Çorum,188.98,30.67,2025-04-12 15:00:00
1.07,4.37,398.35,Dizel,Yozgat,201.45,30.15,2025-04-12 15:30:00
1.58,3.08,269.03,Dizel,Muş,175.97,123.88,2025-04-12 16:00:00
1.0,4.77,364.79,Elektrikli,Kilis,190.81,104.32,2025-04-12 16:30:00
2.56,1.52,187.46,Yok,Rize,140.1,61.26,2025-04-12 17:00:00
2.7,0.33,375.86,Hibrit,Bilecik,207.77,71.62,2025-04-12 17:30:00
0.94,0.37,115.32,Benzinli,Tokat,69.51,14.76,2025-04-12 18:00:00
4.85,0.85,253.44,Hibrit,Karaman,229.04,146.89,2025-04-12 18:30:00
2.81,2.71,347.35,Hibrit,Malatya,211.47,10.53,2025-04-12 19:00:00
4.42,2.6,156.42,Hibrit,İstanbul,195.51,136.92,2025-04-12 19:30:00
0.7,4.93,317.59,Yok,Aydın,162.67,84.9,2025-04-12 20:00:00
1.08,0.67,391.88,Yok,Erzurum,168.78,64.11,2025-04-12 20:30:00
4.79,1.43,333.6,Dizel,Çorum,271.16,145.81,2025-04-12 21:00:00
3.14,4.75,236.66,Hibrit,Burdur,207.29,146.5,2025-04-12 21:30:00
4.39,0.27,391.06,Elektrikli,Amasya,250.21,34.5,2025-04-12 22:00:00
0.66,0.75,201.75,Dizel,Tekirdağ,109.45,100.95,2025-04-12 22:30:00
4.33,0.35,272.9,Dizel,Isparta,209.2,17.78,2025-04-12 23:00:00
0.75,1.65,243.35,Benzinli,Giresun,142.7,130.42,2025-04-12 23:30:00
0.86,0.2,316.94,Benzinli,Adana,153.32,92.9,2025-04-13 00:00:00
2.75,4.53,399.46,Yok,Denizli,239.82,99.95,2025-04-13 00:30:00
0.91,2.93,116.57,Hibrit,Isparta,89.86,67.71,2025-04-13 01:00:00
3.53,2.81,175.24,Hibrit,Denizli,179.41,115.99,2025-04-13 01:30:00
1.35,4.82,233.37,Elektrikli,İstanbul,151.93,64.83,2025-04-13 02:00:00
0.69,3.75,53.26,Hibrit,Giresun,64.81,33.87,2025-04-13 02:30:00
0.7,2.4,317.53,Benzinli,Karaman,160.62,73.47,2025-04-13 03:00:00
3.99,4.3,267.64,Dizel,Bilecik,229.33,36.67,2025-04-13 03:30:00
0.1,1.87,269.02,Dizel,Ardahan,117.92,49.16,2025-04-13 04:00:00
2.35,3.25,292.16,Benzinli,Tokat,187.21,18.01,2025-04-13 04:30:00
1.97,3.13,108.51,Benzinli,Kilis,134.8,123.71,2025-04-13 05:00:00
0.93,2.31,260.85,Dizel,Çanakkale,135.75,30.96,2025-04-13 05:30:00
2.82,3.8,358.93,Dizel,Aydın,237.3,87.97,2025-04-13 06:00:00
4.62,3.57,97.13,Hibrit,Bayburt,177.97,42.63,2025-04-13 06:30:00
4.04,2.36,323.87,Benzinli,Mersin,233.63,14.25,2025-04-13 07:00:00
1.12,2.85,160.87,Hibrit,Muğla,109.62,62.73,2025-04-13 07:30:00
2.82,1.09,205.71,Elektrikli,Konya,151.47,28.91,2025-04-13 08:00:00
0.73,0.5,121.77,Dizel,Trabzon,65.57,7.34,2025-04-13 08:30:00
0.29,0.74,391.95,Dizel,Gümüşhane,153.22,21.65,2025-04-13 09:00:00
1.82,2.13,73.74,Dizel,Çanakkale,97.04,64.88,2025-04-13 09:30:00
4.49,3.65,328.07,Dizel,Erzurum,268.62,96.22,2025-04-13 10:00:00
2.21,0.63,209.07,Elektrikli,Kırklareli,136.41,72.7,2025-04-13 10:30:00
2.71,2.06,193.9,Hibrit,Tekirdağ,158.31,94.27,2025-04-13 11:00:00
0.78,1.75,399.29,Elektrikli,Karaman,174.94,72.18,2025-04-13 11:30:00
2.12,4.5,179.11,Dizel,Yalova,153.49,39.7,2025-04-13 12:00:00
0.4,4.34,394.46,Benzinli,Erzurum,193.05,71.63,2025-04-13 12:30:00
3.8,4.73,128.81,Yok,Kayseri,172.72,79.33,2025-04-13 13:00:00
0.82,3.85,333.68,Elektrikli,Çanakkale,166.55,53.92,2025-04-13 13:30:00
3.1,0.78,127.05,Dizel,Karaman,138.29,64.34,2025-04-13 14:00:00
1.77,3.34,359.49,Dizel,Isparta,217.83,145.36,2025-04-13 14:30:00
4.31,0.34,206.99,Elektrikli,Trabzon,185.41,57.4,2025-04-13 15:00:00
4.65,2.82,177.66,Dizel,Batman,200.2,13.61,2025-04-13 15:30:00
3.67,3.97,307.03,Hibrit,Muş,227.0,4.45,2025-04-13 16:00:00
3.01,2.84,359.81,Elektrikli,Nevşehir,227.44,133.26,2025-04-13 16:30:00
3.07,1.34,371.48,Hibrit,Isparta,225.26,102.74,2025-04-13 17:00:00
1.69,2.43,240.66,Benzinli,Şanlıurfa,159.55,77.65,2025-04-13 17:30:00
1.11,2.21,71.36,Yok,Giresun,67.97,79.74,2025-04-13 18:00:00
1.38,0.35,369.99,Elektrikli,Hakkâri,167.09,13.55,2025-04-13 18:30:00
4.85,1.21,170.59,Hibrit,Çorum,196.99,85.33,2025-04-13 19:00:00
0.76,1.13,191.36,Dizel,Denizli,112.24,108.64,2025-04-13 19:30:00
3.21,0.8,265.38,Yok,Erzincan,178.65,16.28,2025-04-13 20:00:00
1.36,1.6,175.18,Elektrikli,Erzurum,113.42,141.29,2025-04-13 20:30:00
0.88,0.02,334.77,Yok,Osmaniye,139.31,42.21,2025-04-13 21:00:00
1.9,0.92,202.05,Dizel,Çorum,129.16,27.02,2025-04-13 21:30:00
4.44,1.1,53.5,Benzinli,Kırşehir,154.07,79.8,2025-04-13 22:00:00
0.02,4.26,124.62,Hibrit,Ağrı,84.39,120.86,2025-04-13 22:30:00
0.79,2.66,109.13,Elektrikli,Zonguldak,79.94,72.78,2025-04-13 23:00:00
3.38,4.9,364.44,Benzinli,Bitlis,263.24,82.74,2025-04-13 23:30:00
0.06,3.55,322.41,Benzinli,Kütahya,164.36,121.53,2025-04-14 00:00:00
0.12,1.4,332.63,Yok,Konya,129.08,23.21,2025-04-14 00:30:00
4.23,4.06,386.03,Dizel,Adıyaman,271.99,18.34,2025-04-14 01:00:00
1.04,1.9,112.8,Elektrikli,Kars,83.76,103.37,2025-04-14 01:30:00
0.26,4.42,95.63,Hibrit,Karaman,76.11,62.7,2025-04-14 02:00:00
2.87,2.11,391.88,Hibrit,Iğdır,226.27,31.15,2025-04-14 02:30:00
0.91,1.67,106.82,Dizel,Ağrı,91.78,118.34,2025-04-14 03:00:00
1.17,0.92,108.1,Benzinli,Sinop,104.79,149.31,2025-04-14 03:30:00
2.28,3.09,179.72,Benzinli,Sivas,163.75,107.25,2025-04-14 04:00:00
4.25,3.33,242.51,Hibrit,Kırıkkale,218.56,49.54,2025-04-14 04:30:00
3.09,4.84,128.99,Benzinli,Kars,170.13,68.25,2025-04-14 05:00:00
4.46,1.26,271.24,Yok,Muş,215.13,17.84,2025-04-14 05:30:00
3.39,2.0,364.88,Yok,Kars,226.26,35.5,2025-04-14 06:00:00
4.23,2.75,319.89,Dizel,Manisa,256.14,114.42,2025-04-14 06:30:00
3.7,0.69,145.62,Dizel,Zonguldak,157.55,54.86,2025-04-14 07:00:00
1.17,1.71,55.81,Benzinli,Trabzon,67.6,33.42,2025-04-14 07:30:00
4.52,4.55,351.26,Benzinli,Van,269.65,11.03,2025-04-14 08:00:00
0.01,0.98,145.84,Dizel,Çankırı,64.98,40.75,2025-04-14 08:30:00
2.61,1.48,62.14,Yok,Uşak,97.21,146.89,2025-04-14 09:00:00
0.85,1.77,334.42,Hibrit,Karabük,152.21,18.87,2025-04-14 09:30:00
0.53,2.99,302.12,Hibrit,Bilecik,146.85,80.3,2025-04-14 10:00:00
0.16,3.49,270.9,Yok,Niğde,122.9,40.69,2025-04-14 10:30:00
0.8,4.03,102.22,Hibrit,Aydın,86.48,32.23,2025-04-14 11:00:00
5.0,2.54,346.41,Yok,Manisa,263.77,73.45,2025-04-14 11:30:00
2.9,3.33,69.94,Yok,Karaman,119.96,5.33,2025-04-14 12:00:00
2.26,4.53,275.27,Dizel,Mardin,190.85,39.72,2025-04-14 12:30:00
0.82,2.01,206.11,Benzinli,Trabzon,135.13,136.32,2025-04-14 13:00:00
0.92,4.02,309.1,Yok,Muğla,158.92,23.66,2025-04-14 13:30:00
4.21,2.21,303.13,Elektrikli,Bingöl,233.25,133.06,2025-04-14 14:00:00
3.2,0.1,392.75,Elektrikli,Muş,223.86,114.12,2025-04-14 14:30:00
3.79,0.34,164.73,Benzinli,Niğde,180.13,120.85,2025-04-14 15:00:00
2.73,2.94,91.97,Hibrit,Adana,129.63,98.98,2025-04-14 15:30:00
0.22,1.11,82.59,Yok,Kayseri,42.07,144.25,2025-04-14 16:00:00
0.47,0.83,317.38,Hibrit,Antalya,139.19,118.16,2025-04-14 16:30:00
1.21,3.23,249.53,Hibrit,Bilecik,142.83,32.81,2025-04-14 17:00:00
0.14,1.22,202.97,Dizel,Malatya,96.9,81.99,2025-04-14 17:30:00
2.43,0.1,225.81,Hibrit,Gümüşhane,153.78,147.85,2025-04-14 18:00:00
2.46,4.41,71.99,Dizel,Çorum,122.51,31.7,2025-04-14 18:30:00
4.34,1.52,65.34,Elektrikli,Giresun,142.2,6.9,2025-04-14 19:00:00
2.72,2.18,133.75,Yok,Eskişehir,129.85,139.69,2025-04-14 19:30:00
0.14,1.55,365.22,Dizel,Antalya,151.01,52.88,2025-04-14 20:00:00
3.04,0.71,245.3,Benzinli,Yozgat,173.22,30.81,2025-04-14 20:30:00
2.76,1.81,250.6,Dizel,Ordu,182.58,78.7,2025-04-14 21:00:00
0.99,0.33,206.82,Dizel,Zonguldak,109.74,60.75,2025-04-14 21:30:00
4.22,3.0,284.73,Dizel,Antalya,249.59,139.59,2025-04-14 22:00:00
1.93,3.28,96.53,Hibrit,Burdur,107.68,33.42,2025-04-14 22:30:00
1.04,4.01,305.51,Hibrit,Trabzon,171.39,119.87,2025-04-14 23:00:00
0.84,1.66,178.65,Hibrit,Malatya,106.25,125.15,2025-04-14 23:30:00
4.77,4.43,353.27,Hibrit,Kırıkkale,276.28,31.32,2025-04-15 00:00:00
3.71,3.48,270.3,Elektrikli,Ardahan,218.37,140.06,2025-04-15 00:30:00
1.5,0.61,140.61,Hibrit,Adana,98.9,88.59,2025-04-15 01:00:00
4.76,2.52,359.53,Benzinli,Ardahan,291.4,138.93,2025-04-15 01:30:00
1.91,3.5,51.17,Elektrikli,Edirne,95.03,104.36,2025-04-15 02:00:00
1.94,0.7,128.63,Elektrikli,Karabük,101.67,66.36,2025-04-15 02:30:00
0.9,2.15,160.4,Dizel,Karaman,100.5,41.34,2025-04-15 03:00:00
2.42,2.58,71.19,Yok,Kastamonu,103.22,9.06,2025-04-15 03:30:00
3.01,2.55,386.76,Benzinli,Siirt,236.98,41.74,2025-04-15 04:00:00
0.28,1.53,375.5,Yok,Bayburt,148.98,16.01,2025-04-15 04:30:00
1.85,1.31,167.07,Dizel,Afyonkarahisar,119.84,35.74,2025-04-15 05:00:00
4.12,0.74,206.53,Dizel,Kırklareli,202.1,127.69,2025-04-15 05:30:00
3.63,1.18,376.03,Benzinli,Samsun,230.73,1.07,2025-04-15 06:00:00
4.19,1.46,69.12,Hibrit,Sivas,152.45,149.28,2025-04-15 06:30:00
0.69,1.57,244.56,Dizel,Manisa,123.21,56.05,2025-04-15 07:00:00
0.99,0.74,389.66,Elektrikli,Batman,173.6,147.25,2025-04-15 07:30:00
3.56,1.1,60.28,Hibrit,Muş,118.32,7.07,2025-04-15 08:00:00
0.38,4.66,357.75,Hibrit,Ordu,171.97,56.69,2025-04-15 08:30:00
1.64,2.96,130.42,Yok,İstanbul,107.07,18.85,2025-04-15 09:00:00
4.69,4.09,211.38,Benzinli,Hatay,219.54,0.4,2025-04-15 09:30:00
4.22,0.63,228.99,Yok,Erzincan,189.99,14.09,2025-04-15 10:00:00
2.59,1.92,353.17,Elektrikli,Kahramanmaraş,203.21,32.02,2025-04-15 10:30:00
0.54,4.52,65.46,Dizel,Çorum,71.62,23.67,2025-04-15 11:00:00
2.93,1.29,379.54,Elektrikli,Samsun,218.33,66.74,2025-04-15 11:30:00
0.0,3.74,63.14,Elektrikli,Batman,52.52,92.4,2025-04-15 12:00:00
2.81,1.25,296.33,Hibrit,Bartın,187.59,55.5,2025-04-15 12:30:00
1.01,0.36,216.89,Yok,Erzincan,103.65,29.3,2025-04-15 13:00:00
1.55,2.68,367.07,Dizel,İstanbul,205.33,115.35,2025-04-15 13:30:00
1.91,4.65,273.84,Dizel,Mardin,190.48,87.09,2025-04-15 14:00:00
1.79,4.91,388.41,Elektrikli,Sakarya,218.31,74.71,2025-04-15 14:30:00
2.84,3.19,73.74,Yok,Şırnak,118.82,60.4,2025-04-15 15:00:00
3.64,2.33,388.98,Benzinli,Konya,262.99,94.12,2025-04-15 15:30:00
3.4,3.91,389.39,Yok,Kastamonu,248.27,54.19,2025-04-15 16:00:00
0.69,3.31,390.3,Dizel,Gaziantep,188.55,69.76,2025-04-15 16:30:00
1.16,3.47,240.55,Hibrit,Nevşehir,138.43,14.39,2025-04-15 17:00:00
4.46,1.21,196.07,Elektrikli,Eskişehir,195.84,147.27,2025-04-15 17:30:00
0.01,4.15,239.92,Hibrit,Muş,125.91,145.03,2025-04-15 18:00:00
4.99,0.04,64.85,Hibrit,Bursa,148.65,10.27,2025-04-15 18:30:00
1.5,0.48,74.92,Benzinli,Ordu,68.18,5.44,2025-04-15 19:00:00
1.21,1.9,171.38,Elektrikli,Malatya,106.41,61.41,2025-04-15 19:30:00
0.57,4.73,320.99,Elektrikli,Sivas,161.63,47.93,2025-04-15 20:00:00
4.52,2.54,83.39,Dizel,Eskişehir,168.29,50.46,2025-04-15 20:30:00
1.16,1.8,121.75,Benzinli,Aydın,103.36,92.02,2025-04-15 21:00:00
3.93,0.94,289.36,Dizel,Bursa,220.84,87.23,2025-04-15 21:30:00
4.7,4.91,387.5,Hibrit,Kırşehir,298.98,133.05,2025-04-15 22:00:00
3.41,3.53,330.38,Benzinli,Sakarya,256.11,147.0,2025-04-15 22:30:00
1.96,3.17,74.07,Elektrikli,Siirt,97.5,14.04,2025-04-15 23:00:00
4.57,4.45,125.78,Dizel,Kars,200.17,65.84,2025-04-15 23:30:00
1.12,2.27,327.46,Elektrikli,Düzce,162.49,84.31,2025-04-16 00:00:00
2.14,1.07,245.31,Elektrikli,Bitlis,152.44,113.94,2025-04-16 00:30:00
2.58,2.69,304.87,Elektrikli,Uşak,189.82,1.18,2025-04-16 01:00:00
4.15,4.65,94.65,Benzinli,Düzce,189.26,96.67,2025-04-16 01:30:00
0.8,0.48,144.72,Elektrikli,Burdur,81.04,141.5,2025-04-16 02:00:00
2.12,2.87,321.77,Hibrit,Kırşehir,185.71,3.24,2025-04-16 02:30:00
1.36,3.54,180.58,Yok,Karaman,121.63,19.24,2025-04-16 03:00:00
0.38,3.18,377.9,Hibrit,Zonguldak,170.31,73.38,2025-04-16 03:30:00
1.85,1.98,283.41,Benzinli,Trabzon,172.24,62.53,2025-04-16 04:00:00
2.27,1.24,276.61,Benzinli,Zonguldak,171.77,45.94,2025-04-16 04:30:00
0.26,2.73,342.27,Yok,Kütahya,145.13,52.16,2025-04-16 05:00:00
3.01,3.92,103.19,Hibrit,Mardin,140.18,19.6,2025-04-16 05:30:00
3.31,1.86,225.64,Benzinli,Hatay,176.77,10.53,2025-04-16 06:00:00
3.06,0.17,314.91,Hibrit,Bitlis,194.51,73.56,2025-04-16 06:30:00
4.75,4.69,329.62,Elektrikli,Denizli,271.92,108.88,2025-04-16 07:00:00
2.68,1.82,79.12,Benzinli,Muğla,131.53,115.62,2025-04-16 07:30:00
3.02,0.87,325.48,Benzinli,Kocaeli,220.28,118.36,2025-04-16 08:00:00
3.58,2.7,381.53,Dizel,Aydın,250.22,50.34,2025-04-16 08:30:00
0.15,3.26,279.27,Yok,Bartın,123.99,56.86,2025-04-16 09:00:00
1.0,4.95,262.08,Benzinli,Ağrı,160.63,46.41,2025-04-16 09:30:00
2.32,0.28,54.7,Elektrikli,Artvin,83.68,92.14,2025-04-16 10:00:00
3.8,2.76,250.12,Dizel,Osmaniye,211.17,56.4,2025-04-16 10:30:00
3.77,2.14,89.2,Elektrikli,Bayburt,142.54,46.1,2025-04-16 11:00:00
3.78,5.0,284.01,Hibrit,Iğdır,241.71,147.88,2025-04-16 11:30:00
2.28,0.05,105.73,Yok,Kayseri,94.35,81.65,2025-04-16 12:00:00
4.74,1.75,67.84,Dizel,Burdur,161.5,42.23,2025-04-16 12:30:00
1.81,1.8,359.01,Benzinli,Burdur,206.82,111.89,2025-04-16 13:00:00
1.9,3.45,237.61,Dizel,Rize,168.87,84.73,2025-04-16 13:30:00
3.7,4.71,142.72,Elektrikli,Rize,178.42,69.45,2025-04-16 14:00:00
3.89,4.31,215.29,Yok,Konya,202.34,149.08,2025-04-16 14:30:00
1.26,3.19,352.32,Hibrit,Kahramanmaraş,181.52,52.15,2025-04-16 15:00:00
4.0,2.12,170.74,Dizel,Şırnak,199.48,147.6,2025-04-16 15:30:00
3.79,2.27,256.18,Dizel,Karaman,206.63,38.57,2025-04-16 16:00:00
4.43,1.91,103.63,Yok,Tekirdağ,160.2,22.79,2025-04-16 16:30:00
1.42,1.91,296.33,Benzinli,Tokat,164.62,58.22,2025-04-16 17:00:00
3.5,0.86,99.86,Elektrikli,Giresun,135.48,141.86,2025-04-16 17:30:00
1.38,0.14,55.06,Benzinli,Samsun,76.1,101.72,2025-04-16 18:00:00
2.43,4.06,372.51,Elektrikli,Van,221.55,48.09,2025-04-16 18:30:00
4.39,1.66,107.22,Benzinli,Kocaeli,161.93,15.22,2025-04-16 19:00:00
0.74,2.32,305.87,Yok,Sivas,141.56,13.09,2025-04-16 19:30:00
2.66,4.99,372.64,Yok,Muş,231.35,60.3,2025-04-16 20:00:00
2.98,0.86,213.71,Elektrikli,Kırklareli,161.91,133.47,2025-04-16 20:30:00
0.49,1.85,223.27,Hibrit,Bilecik,115.68,139.1,2025-04-16 21:00:00
0.59,2.11,318.18,Benzinli,Nevşehir,162.24,102.71,2025-04-16 21:30:00
3.45,4.77,182.88,Yok,Kırklareli,183.17,142.49,2025-04-16 22:00:00
3.67,0.46,193.05,Dizel,Iğdır,180.15,103.9,2025-04-16 22:30:00
3.39,0.07,208.64,Elektrikli,Sivas,163.04,95.68,2025-04-16 23:00:00
4.97,0.41,343.5,Yok,Adana,247.3,54.71,2025-04-16 23:30:00
2.2,2.31,335.43,Benzinli,Ağrı,212.27,113.95,2025-04-17 00:00:00
1.93,2.96,327.1,Elektrikli,Hatay,188.15,99.89,2025-04-17 00:30:00
2.42,1.54,221.11,Yok,Osmaniye,148.51,124.59,2025-04-17 01:00:00
0.54,3.9,227.47,Elektrikli,Diyarbakır,123.89,77.31,2025-04-17 01:30:00
1.62,1.51,278.41,Elektrikli,Iğdır,154.99,132.56,2025-04-17 02:00:00
0.34,2.54,200.42,Dizel,Çorum,118.81,133.13,2025-04-17 02:30:00
0.59,3.91,273.7,Elektrikli,Ağrı,137.9,7.6,2025-04-17 03:00:00
0.62,2.26,195.37,Yok,Iğdır,99.47,116.31,2025-04-17 03:30:00
4.59,3.96,110.07,Dizel,Tokat,196.55,93.81,2025-04-17 04:00:00
4.55,2.81,77.54,Elektrikli,Diyarbakır,165.19,98.33,2025-04-17 04:30:00
1.61,2.57,72.41,Hibrit,Malatya,94.63,125.55,2025-04-17 05:00:00
0.75,0.13,274.27,Elektrikli,Giresun,115.65,0.26,2025-04-17 05:30:00
1.78,3.08,338.49,Dizel,Burdur,184.31,0.53,2025-04-17 06:00:00
3.01,1.56,362.09,Hibrit,Niğde,224.14,126.61,2025-04-17 06:30:00
3.89,4.79,239.81,Yok,Tunceli,214.23,67.18,2025-04-17 07:00:00
1.14,3.52,236.96,Benzinli,Bursa,155.72,95.21,2025-04-17 07:30:00
2.53,0.35,218.01,Yok,Kahramanmaraş,141.97,93.28,2025-04-17 08:00:00
4.72,2.2,62.78,Dizel,Ardahan,164.82,56.86,2025-04-17 08:30:00
2.34,2.22,314.53,Dizel,Tokat,193.8,58.19,2025-04-17 09:00:00
2.02,2.18,319.13,Dizel,Çanakkale,190.2,76.27,2025-04-17 09:30:00
2.34,0.56,253.26,Elektrikli,Balıkesir,153.71,54.05,2025-04-17 10:00:00
2.72,0.07,102.6,Elektrikli,Osmaniye,110.12,114.5,2025-04-17 10:30:00
0.58,2.34,105.18,Dizel,Gaziantep,81.19,80.79,2025-04-17 11:00:00
2.14,4.18,366.3,Elektrikli,Afyonkarahisar,210.6,1.12,2025-04-17 11:30:00
2.7,4.51,246.68,Elektrikli,Kırşehir,192.21,145.13,2025-04-17 12:00:00
1.5,3.11,109.86,Hibrit,Şanlıurfa,99.7,25.49,2025-04-17 12:30:00
3.29,1.64,185.25,Benzinli,Bursa,168.15,46.43,2025-04-17 13:00:00
1.92,0.68,310.0,Yok,Kayseri,161.19,137.5,2025-04-17 13:30:00
0.59,1.04,201.05,Yok,Van,92.29,83.3,2025-04-17 14:00:00
4.52,0.69,156.14,Benzinli,Kayseri,174.96,12.16,2025-04-17 14:30:00
0.52,1.84,390.17,Elektrikli,Iğdır,163.8,30.85,2025-04-17 15:00:00
4.62,3.1,61.5,Elektrikli,Muş,163.05,92.64,2025-04-17 15:30:00
0.84,3.72,347.72,Elektrikli,Zonguldak,172.61,84.78,2025-04-17 16:00:00
2.39,1.35,81.93,Yok,Aksaray,97.74,67.98,2025-04-17 16:30:00
0.82,3.98,368.4,Elektrikli,Kars,179.21,46.11,2025-04-17 17:00:00
0.63,3.77,202.62,Yok,Kütahya,112.68,14.71,2025-04-17 17:30:00
2.84,2.08,113.43,Dizel,Afyonkarahisar,138.95,81.76,2025-04-17 18:00:00
1.54,1.32,237.34,Dizel,Aksaray,147.38,98.26,2025-04-17 18:30:00
1.28,1.58,135.03,Yok,Kırklareli,90.16,143.98,2025-04-17 19:00:00
0.57,2.61,270.03,Yok,Kahramanmaraş,126.77,105.76,2025-04-17 19:30:00
2.47,1.14,217.5,Elektrikli,Afyonkarahisar,151.12,107.59,2025-04-17 20:00:00
0.72,4.43,217.08,Hibrit,Mersin,135.08,117.08,2025-04-17 20:30:00
1.85,2.24,318.54,Yok,Kayseri,173.19,42.5,2025-04-17 21:00:00
0.86,0.13,259.71,Dizel,Kütahya,122.73,55.5,2025-04-17 21:30:00
2.09,0.52,59.91,Hibrit,Bursa,85.56,97.3,2025-04-17 22:00:00
1.33,2.41,387.69,Elektrikli,Düzce,191.35,115.55,2025-04-17 22:30:00
0.02,2.43,155.4,Yok,Gaziantep,71.66,40.37,2025-04-17 23:00:00
2.42,4.74,68.31,Yok,Muş,117.11,76.14,2025-04-17 23:30:00
0.97,0.41,252.1,Elektrikli,Gaziantep,122.7,147.64,2025-04-18 00:00:00
2.8,4.57,362.3,Hibrit,Antalya,240.41,134.13,2025-04-18 00:30:00
1.09,0.6,354.06,Elektrikli,Denizli,160.19,97.68,2025-04-18 01:00:00
1.2,4.1,280.19,Elektrikli,Trabzon,157.18,16.47,2025-04-18 01:30:00
2.74,1.51,55.2,Elektrikli,Tokat,105.16,138.45,2025-04-18 02:00:00
2.27,2.16,93.2,Elektrikli,Hakkâri,108.88,92.06,2025-04-18 02:30:00
1.13,4.63,389.13,Benzinli,Kütahya,223.22,127.77,2025-04-18 03:00:00
2.55,4.34,367.09,Hibrit,Aydın,228.76,73.11,2025-04-18 03:30:00
2.64,4.53,93.16,Dizel,Elazığ,138.27,49.44,2025-04-18 04:00:00
0.33,4.82,173.06,Hibrit,Yozgat,103.17,12.15,2025-04-18 04:30:00
1.62,4.07,304.16,Hibrit,Muş,176.11,11.85,2025-04-18 05:00:00
0.74,3.3,136.64,Dizel,İstanbul,111.4,131.2,2025-04-18 05:30:00
1.17,3.9,341.76,Benzinli,Bilecik,191.22,73.53,2025-04-18 06:00:00
2.14,2.17,144.91,Yok,Tunceli,119.19,2.38,2025-04-18 06:30:00
3.67,2.37,195.58,Elektrikli,Gaziantep,182.48,118.45,2025-04-18 07:00:00
1.07,1.62,254.05,Yok,Hakkâri,126.85,124.03,2025-04-18 07:30:00
2.75,1.52,359.2,Dizel,Eskişehir,224.38,114.26,2025-04-18 08:00:00
2.92,3.09,305.06,Elektrikli,İzmir,206.11,100.33,2025-04-18 08:30:00
3.86,3.04,149.47,Hibrit,Muş,173.74,43.93,2025-04-18 09:00:00
2.71,0.74,322.44,Elektrikli,Nevşehir,186.04,6.55,2025-04-18 09:30:00
0.12,1.23,222.2,Yok,Çanakkale,89.26,78.97,2025-04-18 10:00:00
2.92,3.86,236.31,Dizel,Konya,196.29,82.05,2025-04-18 10:30:00
1.76,2.02,209.74,Dizel,Trabzon,139.33,46.98,2025-04-18 11:00:00
2.43,2.45,347.42,Hibrit,Bilecik,204.86,62.29,2025-04-18 11:30:00
0.96,3.42,163.57,Benzinli,Tekirdağ,131.07,124.85,2025-04-18 12:00:00
4.99,3.8,164.27,Benzinli,Bartın,227.36,89.96,2025-04-18 12:30:00
2.73,1.86,274.18,Benzinli,Osmaniye,178.62,7.48,2025-04-18 13:00:00
3.97,3.5,201.45,Dizel,Manisa,200.94,41.36,2025-04-18 13:30:00
0.48,0.54,230.69,Yok,Erzurum,96.47,32.74,2025-04-18 14:00:00
3.97,2.84,215.14,Dizel,Niğde,198.76,27.12,2025-04-18 14:30:00
4.92,4.72,275.59,Hibrit,Ordu,263.16,123.69,2025-04-18 15:00:00
1.82,2.91,251.77,Yok,Kayseri,153.7,90.43,2025-04-18 15:30:00
1.59,2.87,289.41,Yok,Mardin,160.85,54.3,2025-04-18 16:00:00
0.31,2.99,70.51,Elektrikli,Iğdır,60.06,140.07,2025-04-18 16:30:00
1.75,4.85,231.9,Dizel,Kocaeli,163.06,27.5,2025-04-18 17:00:00
1.95,2.77,189.17,Dizel,Gaziantep,150.32,95.58,2025-04-18 17:30:00
3.69,3.93,138.06,Elektrikli,Osmaniye,172.5,96.31,2025-04-18 18:00:00
1.54,4.44,144.98,Hibrit,Ordu,126.65,75.21,2025-04-18 18:30:00
3.3,2.36,177.7,Hibrit,Amasya,166.13,57.22,2025-04-18 19:00:00
4.37,3.95,83.62,Hibrit,Yozgat,168.12,26.13,2025-04-18 19:30:00
1.91,0.55,227.36,Yok,Iğdır,131.12,126.0,2025-04-18 20:00:00
4.89,4.98,105.84,Benzinli,Uşak,222.39,136.83,2025-04-18 20:30:00
0.7,0.78,299.19,Elektrikli,Bursa,128.9,25.99,2025-04-18 21:00:00
3.02,4.47,385.83,Hibrit,İzmir,250.83,104.96,2025-04-18 21:30:00
1.44,3.6,52.39,Benzinli,Tokat,95.3,76.76,2025-04-18 22:00:00
0.51,1.89,287.03,Hibrit,Sakarya,127.08,9.25,2025-04-18 22:30:00
3.65,1.75,198.75,Hibrit,Kars,177.69,53.39,2025-04-18 23:00:00
3.09,2.09,215.21,Benzinli,Kırklareli,186.98,95.19,2025-04-18 23:30:00
3.65,2.52,160.05,Benzinli,Kayseri,185.82,100.78,2025-04-19 00:00:00
0.99,1.88,393.18,Hibrit,Mardin,180.21,54.13,2025-04-19 00:30:00
1.87,1.86,278.18,Hibrit,Nevşehir,164.42,83.07,2025-04-19 01:00:00
3.13,4.67,282.05,Elektrikli,Ağrı,210.98,35.8,2025-04-19 01:30:00
1.47,2.12,265.86,Hibrit,Muş,151.04,73.46,2025-04-19 02:00:00
4.6,0.26,78.82,Hibrit,Malatya,153.33,99.41,2025-04-19 02:30:00
3.6,4.77,332.45,Hibrit,Muş,242.9,40.32,2025-04-19 03:00:00
0.79,4.59,231.74,Elektrikli,Bitlis,135.2,53.39,2025-04-19 03:30:00
0.8,2.42,165.63,Yok,Niğde,94.67,38.29,2025-04-19 04:00:00
3.57,2.25,210.0,Dizel,Van,203.24,146.87,2025-04-19 04:30:00
0.42,4.53,364.66,Hibrit,İzmir,180.91,128.05,2025-04-19 05:00:00
3.89,3.21,62.57,Hibrit,Kayseri,151.54,113.74,2025-04-19 05:30:00
3.1,0.89,126.94,Hibrit,Antalya,134.18,67.91,2025-04-19 06:00:00
3.97,0.25,135.65,Elektrikli,Kırıkkale,149.34,17.83,2025-04-19 06:30:00
2.09,1.86,234.49,Hibrit,Kırıkkale,148.14,10.89,2025-04-19 07:00:00
2.76,4.75,98.02,Elektrikli,Aksaray,137.35,25.39,2025-04-19 07:30:00
1.12,2.02,93.35,Elektrikli,İzmir,80.12,110.2,2025-04-19 08:00:00
1.61,4.58,162.56,Yok,Malatya,128.75,109.34,2025-04-19 08:30:00
2.89,0.77,164.2,Hibrit,Bartın,139.31,47.55,2025-04-19 09:00:00
4.19,1.6,185.79,Elektrikli,Elazığ,186.01,103.78,2025-04-19 09:30:00
0.57,2.95,384.25,Benzinli,Isparta,174.58,26.12,2025-04-19 10:00:00
3.74,2.8,398.36,Elektrikli,Batman,257.0,95.18,2025-04-19 10:30:00
0.64,3.03,331.76,Yok,Ardahan,153.02,81.65,2025-04-19 11:00:00
4.21,0.56,83.99,Hibrit,Ardahan,150.65,134.91,2025-04-19 11:30:00
2.21,1.46,208.8,Dizel,Aydın,140.69,13.45,2025-04-19 12:00:00
3.68,3.35,339.05,Yok,Denizli,233.78,130.79,2025-04-19 12:30:00
1.12,4.0,314.86,Elektrikli,Kırıkkale,169.15,67.02,2025-04-19 13:00:00
0.9,4.58,135.16,Hibrit,Bursa,103.37,21.84,2025-04-19 13:30:00
2.22,1.95,148.76,Yok,Bitlis,121.02,14.86,2025-04-19 14:00:00
2.29,2.91,221.76,Hibrit,Sivas,155.91,10.75,2025-04-19 14:30:00
3.09,1.39,195.85,Benzinli,Sinop,178.74,111.21,2025-04-19 15:00:00
2.75,2.87,368.17,Hibrit,Amasya,229.51,134.39,2025-04-19 15:30:00
1.13,2.59,264.28,Yok,Edirne,138.62,119.75,2025-04-19 16:00:00
2.41,4.32,335.43,Benzinli,Ağrı,220.19,60.63,2025-04-19 16:30:00
0.05,0.85,138.37,Benzinli,Erzincan,69.77,67.72,2025-04-19 17:00:00
0.09,1.62,333.53,Elektrikli,Rize,137.46,145.97,2025-04-19 17:30:00
4.62,3.78,241.89,Elektrikli,Gümüşhane,230.67,88.55,2025-04-19 18:00:00
0.22,2.25,88.51,Elektrikli,Çanakkale,58.31,126.16,2025-04-19 18:30:00
1.19,0.28,63.67,Yok,Artvin,53.97,74.43,2025-04-19 19:00:00
0.95,3.22,362.28,Benzinli,Düzce,176.88,19.61,2025-04-19 19:30:00
4.78,4.0,308.13,Elektrikli,Sakarya,257.86,58.36,2025-04-19 20:00:00
1.51,3.43,84.12,Yok,Rize,90.86,71.57,2025-04-19 20:30:00
4.05,3.11,131.23,Benzinli,Siirt,172.12,16.58,2025-04-19 21:00:00
1.44,0.8,188.45,Elektrikli,Afyonkarahisar,110.45,59.54,2025-04-19 21:30:00
2.87,2.71,309.31,Benzinli,Kayseri,223.33,117.27,2025-04-19 22:00:00
3.65,2.58,373.35,Dizel,Hakkâri,259.65,117.23,2025-04-19 22:30:00
4.04,1.67,159.01,Dizel,Afyonkarahisar,180.53,72.67,2025-04-19 23:00:00
3.42,0.87,166.0,Elektrikli,İstanbul,152.5,57.9,2025-04-19 23:30:00
4.71,0.56,198.62,Dizel,Artvin,216.42,148.78,2025-04-20 00:00:00
2.56,3.75,259.14,Dizel,Osmaniye,198.06,102.87,2025-04-20 00:30:00
1.38,0.54,377.39,Hibrit,Erzincan,176.5,68.74,2025-04-20 01:00:00
0.47,3.6,114.03,Hibrit,Konya,82.43,65.85,2025-04-20 01:30:00
1.2,0.57,292.96,Benzinli,Tokat,153.21,79.7,2025-04-20 02:00:00
0.72,2.63,97.67,Elektrikli,Gaziantep,74.03,73.96,2025-04-20 02:30:00
1.48,3.16,278.87,Elektrikli,Bitlis,159.26,57.03,2025-04-20 03:00:00
4.94,3.36,111.65,Elektrikli,Iğdır,193.22,149.25,2025-04-20 03:30:00
4.87,3.92,221.01,Elektrikli,Eskişehir,227.12,19.36,2025-04-20 04:00:00
1.62,0.57,367.39,Benzinli,Samsun,183.97,52.13,2025-04-20 04:30:00
2.81,4.24,129.24,Yok,Konya,144.74,67.18,2025-04-20 05:00:00
4.81,1.0,55.47,Hibrit,Kocaeli,156.41,109.35,2025-04-20 05:30:00
3.56,2.87,312.43,Hibrit,Hatay,226.03,87.51,2025-04-20 06:00:00
1.72,2.49,163.0,Yok,İstanbul,117.23,121.33,2025-04-20 06:30:00
4.34,0.99,386.82,Benzinli,Kars,274.46,113.06,2025-04-20 07:00:00
0.68,2.23,365.78,Benzinli,Sivas,163.82,16.23,2025-04-20 07:30:00
3.82,2.79,294.69,Benzinli,Kilis,245.83,133.05,2025-04-20 08:00:00
1.3,2.79,316.19,Elektrikli,Karabük,168.97,131.05,2025-04-20 08:30:00
2.32,2.06,296.46,Dizel,Bursa,187.58,68.28,2025-04-20 09:00:00
0.24,4.78,378.62,Hibrit,Çorum,181.27,108.59,2025-04-20 09:30:00
0.09,4.75,259.69,Hibrit,Adıyaman,132.51,73.24,2025-04-20 10:00:00
2.02,0.61,366.65,Hibrit,Ordu,183.2,1.82,2025-04-20 10:30:00
1.72,1.68,208.76,Yok,Elazığ,127.66,99.41,2025-04-20 11:00:00
3.7,0.43,263.66,Yok,Hatay,187.75,37.63,2025-04-20 11:30:00
4.34,2.08,76.42,Dizel,Diyarbakır,158.88,54.6,2025-04-20 12:00:00
0.37,0.51,83.92,Yok,Kırklareli,42.14,66.3,2025-04-20 12:30:00
1.06,4.78,296.56,Benzinli,Kırıkkale,178.36,71.83,2025-04-20 13:00:00
1.59,2.75,223.24,Yok,Van,136.86,147.91,2025-04-20 13:30:00
4.39,1.81,236.01,Hibrit,Gümüşhane,208.48,40.45,2025-04-20 14:00:00
2.93,0.71,187.31,Benzinli,Kastamonu,144.37,3.15,2025-04-20 14:30:00
4.29,2.12,391.8,Elektrikli,Burdur,261.34,46.73,2025-04-20 15:00:00
0.61,3.98,235.61,Dizel,Diyarbakır,126.09,5.37,2025-04-20 15:30:00
3.94,4.15,78.84,Benzinli,Ağrı,166.51,56.11,2025-04-20 16:00:00
4.19,3.68,299.06,Elektrikli,Artvin,237.11,45.84,2025-04-20 16:30:00
3.19,2.17,143.18,Dizel,Hatay,159.36,85.42,2025-04-20 17:00:00
3.33,2.07,384.16,Benzinli,Eskişehir,261.38,139.98,2025-04-20 17:30:00
2.71,3.59,250.88,Elektrikli,Rize,187.3,139.32,2025-04-20 18:00:00
0.52,2.82,267.18,Dizel,Kastamonu,129.42,20.29,2025-04-20 18:30:00
2.38,0.77,63.64,Elektrikli,Erzurum,93.27,123.61,2025-04-20 19:00:00
0.57,2.01,388.79,Benzinli,Diyarbakır,165.12,4.41,2025-04-20 19:30:00
3.99,3.37,367.22,Elektrikli,Adıyaman,255.75,84.49,2025-04-20 20:00:00
0.33,0.17,349.48,Benzinli,Erzurum,162.17,144.91,2025-04-20 20:30:00
4.82,0.97,377.94,Yok,Kilis,259.47,147.63,2025-04-20 21:00:00
4.61,4.07,384.88,Elektrikli,Osmaniye,278.87,16.62,2025-04-20 21:30:00
2.51,0.93,368.36,Elektrikli,Afyonkarahisar,203.35,105.12,2025-04-20 22:00:00
2.21,0.15,172.1,Elektrikli,Çankırı,122.04,110.43,2025-04-20 22:30:00
2.61,0.22,323.69,Dizel,Bingöl,186.76,39.44,2025-04-20 23:00:00
2.03,2.07,339.1,Benzinli,Edirne,209.31,121.85,2025-04-20 23:30:00
1.48,3.18,271.99,Hibrit,Tekirdağ,161.43,81.05,2025-04-21 00:00:00
3.5,0.97,243.43,Dizel,Ağrı,203.88,144.02,2025-04-21 00:30:00
4.74,3.08,204.99,Elektrikli,Kayseri,216.74,104.73,2025-04-21 01:00:00
0.94,3.21,231.96,Yok,Mersin,126.83,62.37,2025-04-21 01:30:00
3.8,4.53,266.95,Yok,Bartın,219.69,18.1,2025-04-21 02:00:00
0.47,2.99,351.2,Elektrikli,Siirt,159.95,93.06,2025-04-21 02:30:00
1.18,4.22,150.73,Benzinli,Bartın,120.9,45.38,2025-04-21 03:00:00
2.94,3.11,185.81,Benzinli,Burdur,173.04,62.12,2025-04-21 03:30:00
4.34,3.56,149.58,Elektrikli,Karaman,186.5,21.72,2025-04-21 04:00:00
3.4,1.11,143.27,Hibrit,Tunceli,148.27,60.75,2025-04-21 04:30:00
0.12,2.53,165.03,Elektrikli,Gümüşhane,82.39,83.55,2025-04-21 05:00:00
2.48,2.55,255.9,Elektrikli,Aksaray,169.22,1.28,2025-04-21 05:30:00
4.97,3.1,306.41,Benzinli,Uşak,276.06,110.37,2025-04-21 06:00:00
0.49,4.69,229.42,Dizel,Sinop,147.07,130.34,2025-04-21 06:30:00
4.34,4.52,175.27,Dizel,Çanakkale,223.2,130.41,2025-04-21 07:00:00
4.72,2.25,191.77,Yok,Afyonkarahisar,200.64,116.77,2025-04-21 07:30:00
3.15,2.02,249.32,Dizel,Adıyaman,205.32,149.23,2025-04-21 08:00:00
3.79,1.3,392.5,Dizel,Ordu,252.94,69.65,2025-04-21 08:30:00
3.54,3.31,390.69,Yok,Muş,248.08,101.66,2025-04-21 09:00:00
2.17,3.36,354.67,Yok,Bursa,201.57,76.45,2025-04-21 09:30:00
3.65,2.46,109.37,Dizel,Adana,170.43,140.72,2025-04-21 10:00:00
1.7,3.54,111.09,Dizel,Eskişehir,124.1,107.61,2025-04-21 10:30:00
3.88,3.48,190.0,Elektrikli,Manisa,189.09,31.48,2025-04-21 11:00:00
3.16,4.53,55.08,Yok,Muğla,129.53,67.45,2025-04-21 11:30:00
0.09,3.33,169.69,Elektrikli,Mardin,89.92,106.0,2025-04-21 12:00:00
0.56,2.67,268.36,Benzinli,Kahramanmaraş,149.48,110.13,2025-04-21 12:30:00
3.77,2.33,263.17,Yok,Edirne,202.44,47.0,2025-04-21 13:00:00
2.42,2.62,81.16,Hibrit,Tokat,114.1,79.1,2025-04-21 13:30:00
0.48,3.55,197.42,Dizel,Gümüşhane,120.24,86.16,2025-04-21 14:00:00
3.05,4.97,200.79,Hibrit,Düzce,188.6,86.44,2025-04-21 14:30:00
3.44,3.86,51.84,Dizel,Zonguldak,147.66,99.33,2025-04-21 15:00:00
3.59,0.96,81.47,Elektrikli,Antalya,128.51,72.41,2025-04-21 15:30:00
2.14,4.18,356.85,Hibrit,Afyonkarahisar,216.48,102.64,2025-04-21 16:00:00
1.76,1.06,221.7,Benzinli,Kahramanmaraş,153.87,118.87,2025-04-21 16:30:00
0.99,2.91,260.97,Hibrit,Eskişehir,145.73,106.2,2025-04-21 17:00:00
1.99,3.93,379.78,Yok,Yalova,209.79,120.53,2025-04-21 17:30:00
1.25,4.86,138.41,Hibrit,Niğde,122.78,106.11,2025-04-21 18:00:00
3.25,4.74,252.4,Benzinli,Yalova,206.92,22.04,2025-04-21 18:30:00
2.43,3.73,70.47,Hibrit,Uşak,123.69,139.31,2025-04-21 19:00:00
3.38,1.99,55.74,Hibrit,Erzincan,119.59,20.56,2025-04-21 19:30:00
1.0,1.0,1.0,Benzin,Adana,34.321,1.0,
2.0,2.0,2.0,Elektrik,Adana,68.636,3.0,
2.0,2.0,2.0,Benzin,Adana,68.663,3.0,
4.0,5.0,5.0,Benzin,Adana,144.605,5.0,
4.0,7.0,7.0,Benzin,Adana,159.205,5.0,
6.0,9.0,12.0,Benzin,Adana,229.215,15.0,
7.0,10.0,14.0,Dizel,Adana,264.05,18.0,
2.0,2.0,3.0,Benzin,Adıyaman,69.042,2.0,
3.0,3.0,4.0,Benzin,Adıyaman,103.384,4.0,
5.0,5.0,6.0,Benzin,Adıyaman,172.026,6.0,
8.0,18.0,10.0,Dizel,Adıyaman,344.475,11.0,
11.0,21.0,13.0,Yok,Adıyaman,447.1,18.0,
11.0,34.0,13.0,Yok,Adıyaman,536.8000000000001,18.0,
4.0,4.0,2.0,Benzin,Afyonkarahisar,136.505,5.0,
2.0,2.0,3.0,Benzin,Adana,69.084,4.0,
23.0,42.0,123.0,Dizel,Adana,963.075,123.0,
45.0,56.0,342.0,Dizel,Adana,1769.25,1242.0,
3.0,3.0,3.0,Benzin,Adana,102.984,4.0,
10.0,10.0,11.0,Dizel,Adana,343.625,9.0,
2.0,3.0,4.0,Dizel,Afyonkarahisar,76.425,5.0,
3.0,4.0,3.0,Dizel,Adıyaman,109.9,4.0,
4.0,4.0,4.0,Dizel,Adıyaman,137.325,5.0,
10.0,10.0,11.0,Benzin,Adıyaman,343.631,11.0,
51.0,51.0,51.0,Benzin,Adıyaman,1750.371,51.0,
4.0,4.0,4.0,Benzin,Adana,137.34699999999998,7.0,
7.0,7.0,7.0,Dizel,Adana,240.37500000000003,11.0,
11.0,11.0,7.0,Dizel,Adana,375.975,11.0,
2.0,3.0,2.0,Benzin,Afyonkarahisar,78.083,123.0,
2.0,3.0,1233.0,Benzin,Afyonkarahisar,570.4830000000001,123.0,
2.0,2.0,2.0,Benzin,Adana,68.663,3.0,
